/*
 Source Server         : localhost
 Source Server Type    : MySQL
 Source Server Version : 80026 (8.0.26)
 Source Host           : localhost:3306
 Source Schema         : taoyuan_trip

 Target Server Type    : MySQL
 Target Server Version : 80026 (8.0.26)
 File Encoding         : 65001
*/

SET NAMES utf8mb4;
SET FOREIGN_KEY_CHECKS = 0;

-- ----------------------------
-- Table structure for attraction
-- ----------------------------
DROP TABLE IF EXISTS `attraction`;
CREATE TABLE `attraction`  (
  `id` int NOT NULL AUTO_INCREMENT,
  `name` varchar(100) CHARACTER SET utf8 COLLATE utf8_general_ci NULL DEFAULT NULL,
  `description` varchar(100) CHARACTER SET utf8 COLLATE utf8_general_ci NULL DEFAULT NULL,
  `district` varchar(100) CHARACTER SET utf8 COLLATE utf8_general_ci NULL DEFAULT NULL,
  `address` varchar(100) CHARACTER SET utf8 COLLATE utf8_general_ci NULL DEFAULT NULL,
  `longitude` double NULL DEFAULT NULL,
  `latitude` double NULL DEFAULT NULL,
  `openTime` varchar(1000) CHARACTER SET utf8 COLLATE utf8_general_ci NULL DEFAULT NULL,
  PRIMARY KEY (`id`) USING BTREE
) ENGINE = InnoDB AUTO_INCREMENT = 82 CHARACTER SET = utf8 COLLATE = utf8_general_ci ROW_FORMAT = Dynamic;

-- ----------------------------
-- Records of attraction
-- ----------------------------
INSERT INTO `attraction` VALUES (1, '小烏來天空步道', '凌空漫步70公尺高透明廊道，嘩啦啦溪水、超廣角視野，叫人腳趾都發麻！完成挑戰後，還有50公噸風動石定格秀，讓旅程驚嘆再一波。', '復興區', '桃園市復興區義盛里下宇內1鄰4-6號', 121.37519, 24.79064, '08:00~12:00／13:00~17:00（週二公休）');
INSERT INTO `attraction` VALUES (2, '大溪老街', '玩味巴洛克建築語彙、來老商行體驗傳統木藝、古廟參拜關聖帝君、品味老字號豆干…，要認識大溪老城區文化，就從百年街屋開始。', '大溪區', '桃園市大溪區和平路、中山路', 121.28867, 24.8847, '全年無休');
INSERT INTO `attraction` VALUES (3, '石門水庫', '早期以吃活魚聞名的石門水庫，近來增加了不少新穎旅遊熱門旅遊方是，老景點新玩法，等你一一來發掘。', '大溪區', '桃園市大溪區復興里環湖路一段68號', 121.24762, 24.81154, '每日08:00-18:00');
INSERT INTO `attraction` VALUES (4, '竹圍漁港', '幾乎沒有人能抵擋新鮮海鮮的美味逆襲，跟港口賞夕陽、看飛機同樣需列入行程清單的逛漁市，讓荷包君不必哭泣就能滿足吃貨的胃。', '大園區', '桃園市大園區沙崙里1鄰漁港路451巷25號', 121.24416, 25.11686, '港口全天開放，漁貨買賣約08:00~18:00');
INSERT INTO `attraction` VALUES (5, '拉拉山巨木區', '行走木棧步道的旅人，來和這座森林的守護者一起吸收大地日月精華，感受千年如一刻的雋永古韻﹔昇起的感動就如芬多精，洗滌身心。', '復興區', '桃園市復興區華陵里11鄰205號', 121.43678, 24.70992, '￭每日06:00~17:00');
INSERT INTO `attraction` VALUES (6, '三坑自然生態公園', '翠綠山色倒映在湖心，步上木棧道靜賞這片如詩風景，心也跟著悠然，途中想歇息，園裡的涼亭和遼闊草坪都是推薦的舒心去處。', '龍潭區', '桃園市龍潭區三坑里堤防旁', 121.25738, 24.83895, '全年無休');
INSERT INTO `attraction` VALUES (7, '永安漁港', '總讓旅人念念不忘的濱海夕陽美景，幻彩天光水色一上傳就瘋狂吸讚，同樣是旅程亮點的美味現撈海鮮，吮指鮮甜，一嚐就對味。', '新屋區', '桃園市新屋區永安里中山西路3段1165號', 121.01577758789062, 24.98773066347035, '全年無休');
INSERT INTO `attraction` VALUES (8, '慈湖陵寢（前慈湖）', '值得等待一小時的不NG三軍儀隊操槍秀，到底有多威﹖超整齊的步伐加上花式拋槍，霸氣全場！內行人必卡位，搶到好位就能捕捉到好畫面。', '大溪區', '桃園市大溪區復興路一段1097號', 121.29427, 24.84037, '09:00-17:00，每週二休園');
INSERT INTO `attraction` VALUES (9, '新溪口吊橋', '沒走過全台最長懸索橋，就好像來復興沒吃水蜜桃，旅行成就少一項！快點提起你的勇氣，勇跨｢北台303｣，大漢溪谷等你來征服！', '復興區', '桃園市復興區澤仁里中山路8號', 121.34833, 24.81044, '09:00~16:00每周二、三休息上班時間連絡電話：桃園市復興區公所(03)3821500非上班時間連絡電話：吊橋售票中心(03)3821378※上班時間：週一~週五08:00~12:00、13:00~17:00');
INSERT INTO `attraction` VALUES (10, '桃園忠烈祠暨神社文化園區', '請一同參與這場全台獨存的日本神社上演的穿越劇：沿著參道，緩步行經鳥居、手水舍直至本殿，典雅肅穆的唐風建築，帶你走入昭和時代。', '桃園區', '桃園市桃園區成功路三段200號', 121.32528, 25.00629, '■桃園忠烈祠:週二至週日09:00-17:00■桃園神社文化園區：週二至週日09:00-18:00');
INSERT INTO `attraction` VALUES (11, '橫山書法藝術館', '全臺首座由官方經營之書藝主題館，肩負推動書法藝術保存、研究、發展與推廣之使命，並繼而能讓書法藝術在桃園、綻放其饒富文化識別性的藝術能量。', '大園區', '桃園市大園區大仁路100號', 121.21861, 25.0206, '■開館時間：週三至週一，9:30～17:00(最後入館時間16:30)■休館時間：星期二、除夕、初一、初二及其他必要休館日另行公告。■實際開放時間以館方官網為準');
INSERT INTO `attraction` VALUES (12, '石門山步道', '海拔551公尺的小百岳，匯聚鐵腿好漢坡、平坦土石路，隨興致攻頂便能換個角度鳥瞰石門水庫、遠眺龍潭大溪，感受登高的暢快。', '龍潭區', '桃園市龍潭區石門登山口', 121.23734, 24.82059, '全年無休');
INSERT INTO `attraction` VALUES (13, '馬祖新村眷村文創園區', '乘載軍眷日常的屋舍，隨著歲月更迭，成了推廣質感生活的創意基地﹔不定期舉辦的市集、名人講座、選物分享，帶你走進諸般好時光。', '中壢區', '桃園市中壢區龍吉二街155號', 121.23778939247131, 24.935595771995057, '￭園區:週二~週日09:00-18:00￭桃園光影電影館:13:00-21:00(週一休館)');
INSERT INTO `attraction` VALUES (14, '角板山行館', '不管是帶有神秘色彩的戰備隧道或是記錄蔣家日常的行館，都令人充滿十足想像，凜冬時節，園中櫻梅盛開，更為旅行增添不少驚艷。', '復興區', '桃園市復興區澤仁里中正路133-1號', 121.34888648986816, 24.8162640323657, '￭角板山行館園區自113年2月19日(星期一)起閉園施工，暫不開放，開放時間另行公告');
INSERT INTO `attraction` VALUES (15, '三坑老街', '來到龍潭第一街就要大嗑古早味客家小吃﹔菜包、牛汶水、草仔粿，可都別放過，吃飽喝足再去永福宮、青錢第，來個復古三連拍。', '龍潭區', '桃園市龍潭區三坑老街45號', 121.24842166900635, 24.844345580705276, '六日8:30-18:30');
INSERT INTO `attraction` VALUES (16, '新屋綠色走廊', '沿途坡道平緩、綠蔭滿佈，旅行的意義不再是騎乘公里數，而是全家大小一起踩著四輪、迎著徐徐海風、談天說地的快樂時光。', '新屋區', '桃園市新屋區觀海路一段', 121.01234436035156, 24.96944705935775, '全年無休');
INSERT INTO `attraction` VALUES (17, '後慈湖', '昔日的軍事禁地不再，轉而是保有原始生態的忘憂秘境，想放風想放鬆，就來後慈湖欣賞天寬地闊，悠哉感受大自然的綠色療癒力。', '大溪區', '桃園市大溪區桃118-1鄉道', 121.30239, 24.84527, '■欲網路預約申請購票入園，可於入園之日前2日至30日前上網申請，網路預約報名系統開放時間為每日9時至晚上24時。■10人以下可現場申請入園，欲參訪後慈湖之遊客可於後慈湖園區開放日上午8時起，攜帶身份證件至慈湖導覽服務站辦理現場報名，由風管處人員安排適當梯次入園。■每日開放入園共12梯次，上午報到梯次自8:00至11:00每隔20分一梯次入園，下午開放13:00及13:15二梯次入園。');
INSERT INTO `attraction` VALUES (18, '八德埤塘自然生態公園', '超大草皮加上和煦陽光就能成就一場美好的湖畔野餐約會，除了享受美景美食之外，一旁還有水鳥野鴨優雅經過，打造濃濃鄉村風。', '八德區', '桃園市八德區興豐路1315號', 121.31125, 24.94166, '全年無休');
INSERT INTO `attraction` VALUES (19, '虎頭山公園', '想要親近山林不一定非要舟車勞頓，桃園市心後花園完善的步道系統，滿足想兜風、練腿力、賞桐花，或是來個生態之旅的你。', '桃園區', '桃園市桃園區公園路42號', 121.33429527282715, 25.001674946572184, '全年無休');
INSERT INTO `attraction` VALUES (20, '五酒桶山步道', '爬過重重石階後的獎賞，就是一登觀景台，遠眺飛機起降、漁船入港，一次擁有海陸空無敵視野，季節對了還有櫻花、芒花相伴。', '蘆竹區', '桃園市蘆竹區長興路一段230巷', 121.29711, 25.06638, '全年無休');
INSERT INTO `attraction` VALUES (21, '東眼山國家森林遊樂區', '飄渺雲海間，高聳杉木林挺拔向上，行走在海拔1212公尺的山巒間，享受天然森林浴的同時，也可一窺千年化石和珍稀山鳥。', '復興區', '桃園市復興區成福路600號', 121.40785217285156, 24.83129877402803, '平日08:00-17:00、假日07:00-17:00');
INSERT INTO `attraction` VALUES (22, '桃園觀光夜市', '在地人從小吃到大的花枝羹、蚵仔煎、古早味愛玉，還有大阪燒、韓式炸雞、越南河粉…等異國美味，中外大比拚，看看誰是你心頭好！', '桃園區', '桃園市桃園區中正路與北埔路口', 121.305992603302, 25.00270563273085, '17:00-00:00');
INSERT INTO `attraction` VALUES (23, '奧爾森林學堂', '咻！坐上長長的溜滑梯，化身小飛俠乘風飛翔，好涼快又好開心，接著去空中樹屋拜訪松鼠先生、貓頭鷹小姐，一起開一場森林同樂會。', '桃園區', '桃園市桃園區公園路42號', 121.32756, 25.00185, '24小時');
INSERT INTO `attraction` VALUES (24, '小烏來風景特定區', '想追求刺激感的你，天空步道、天空繩橋請列入挑戰清單﹔想飽覽小烏來壯闊地景，就要登上寰宇平台把瀑布、大漢溪通通看過癮！', '復興區', '桃園市復興區義盛里下宇內1鄰4-6號', 121.37517, 24.79064, '08:00-17:00(週二休園)');
INSERT INTO `attraction` VALUES (25, '阿姆坪薑母島', '搭上渡船一次把石門水庫的山川水色達陣﹔龍珠灣、夢幻草原、石秀灣瀑布、長興斷橋…，晨昏四季都能有不同於陸路旅遊的驚奇發現。', '大溪區', '桃園市大溪區環湖路', 121.30491, 24.81375, '全年無休');
INSERT INTO `attraction` VALUES (26, '龍潭觀光大池', '白天，湖濱公園享綠意、踩腳踏船玩立槳，端午時節還有龍舟大賽，水陸雙玩法夠酷！夜間賞夢幻爆棚的吊橋光雕，高調展開璀璨夜遊。', '龍潭區', '桃園市龍潭區上林里中豐路上林段115巷11號', 121.20944, 24.86356, '全年無休');
INSERT INTO `attraction` VALUES (27, '羊稠森林步道', '綠林內的甲蟲擂台、穿山甲的秘密基地…健走之餘，欣賞生態大展演是一定要的，至高點還有海陸空霸氣視野迎接你，旅程超充實！', '蘆竹區', '桃園市蘆竹區中山路羊稠街', 121.30290806293488, 25.050691022794584, '全年無休');
INSERT INTO `attraction` VALUES (28, '觀音草漯沙丘', '騷動的探險魂啊，全國第一座沙丘地質公園，根本就是撒哈拉沙漠的平行時空，何不打造另類的荒漠壯遊，200多公頃海上長城等你完美入鏡！', '大園區', '桃園市大園區老街溪口南岸至觀音區大堀溪口北岸', 121.16669, 25.08023, '全天開放');
INSERT INTO `attraction` VALUES (29, '桃園客家文化館', '讓美拍模式停不下來的3D立體彩繪就是最佳打卡點，五月桐花開更添浪漫情懷﹔館內收藏也頗有看頭，逛一輪就能變身客家小達人。', '龍潭區', '桃園市龍潭區中正路三林段500號', 121.23463, 24.8452, '•週二至週日：上午09:00~下午05:00•週一及國定假日休館');
INSERT INTO `attraction` VALUES (30, '青塘園', '陪孩子散步河堤木棧道賞荷花、觀察濕地生態，探索大自然的奧妙絕對令人不無聊，午後就在湖畔草地席地野餐，悠閒又唯美。', '中壢區', '桃園市中壢區高鐵南路二段旁', 121.2061, 25.00556, '全年無休');
INSERT INTO `attraction` VALUES (31, '中壢觀光夜市', '全長700公尺、超過400攤，蒐羅各式銅板美食，讓你花小錢就能遍嚐特色小吃，吃飽喝足就要開啟購物模式，輕鬆買齊當季行頭。', '中壢區', '桃園市中壢區新明路', 121.21524, 24.96085, '17：00~01：00');
INSERT INTO `attraction` VALUES (32, '大有梯田生態公園', '溜索、滑梯、攀繩，農田極限大挑戰，看你行不行！假日還有打蚊子電影院、稻米文化體驗、文創市集，讓都市孩子盡興感受大自然。', '桃園區', '桃園市桃園區民有十街200號', 121.32148504257202, 25.01165084748328, '￭園區24小時開放，部分設施有限定開放時段，以臉書專頁公告時間為準');
INSERT INTO `attraction` VALUES (33, '樂天桃園棒球場', '以國際級規格打造、北台灣人氣超夯的棒球場，不只是熱血球賽的競技殿堂，也曾是五月天、槍與玫瑰等樂團開唱的搖滾舞台。', '中壢區', '桃園市中壢區領航北路一段1號', 121.20156, 25.00033, '依照開賽時間而定');
INSERT INTO `attraction` VALUES (34, '大溪老茶廠', '在和洋融合的風格建築中，用啜飲一杯東方美人茶的時間，和友人一同談天說地，細細領略韶光靜好的悠然，就是最好的回甘滋味。', '大溪區', '桃園市大溪區新峰里1鄰復興路二段732巷80號', 121.32838, 24.83065, '09:30~17:00');
INSERT INTO `attraction` VALUES (35, '南興落羽松（原八德落羽松森林）', '和炎炎夏日道別後，上千株由綠轉紅的落羽松悄然宣告秋天來臨，騎著單車伴著微涼的秋風漫步霄裡大池畔，別有一番純粹美好。', '大溪區', '桃園市大溪區浮筧街158之1號', 121.2624262, 24.9171888, '06:00~18:30');
INSERT INTO `attraction` VALUES (36, '大古山步道', '從步道入口到觀景台不到1公里就能坐擁制高視角，春天野百合盛開，讓旅途更添驚喜﹔黃昏後繽紛夜色登場，則是令一種微醺風景。', '蘆竹區', '桃園市蘆竹區大古路228號', 121.29034191370009, 25.1012687319158, '全年無休');
INSERT INTO `attraction` VALUES (37, '永安海螺文化體驗園區', '主體建築擷取海螺，中庭的地景藝術，則是以客家吹海螺的聲音為發想，附屬建物則是融入捕漁的客家石塭，整體園區頗具海客風情。', '新屋區', '桃園市新屋區新港路85號', 121.01754, 24.98896, '■開館時間：週二至週日上午9時至下午5時。■休館時間：週一全天休館(若遇連續假期則照常開放)。■海螺咖啡館營業時段為週三~週日09:30~17:00，週一、二公休');
INSERT INTO `attraction` VALUES (38, '可口可樂世界', '9大展區帶你一探橫掃全球的紅色旋風﹔錯過太可惜的絕版商品、19世紀美國街道神還原、見證榮耀的奧運聖火把…，可樂迷必訪。', '桃園區', '桃園市桃園區龜山工業區興邦路46號', 121.32522, 24.98009, '開放時間/週一至週五早上9:30~12:00及下午2:00~4:30');
INSERT INTO `attraction` VALUES (39, '養樂多工廠', '小小乳酸菌藏著多少奧妙，瞧瞧生產線就知道！學到知識後去商店街逛一波，把限定文創小物帶回家，再到萬國Logo牆來個到此一遊打卡。', '中壢區', '桃園市中壢區自強一路4號', 121.24452, 24.96944, '週一到週五，上午9:30及下午1:30，一天兩場');
INSERT INTO `attraction` VALUES (40, '虎頭山環保公園', '一閃一閃亮晶晶，璀璨燈火放光明！市區賞夜景激推熱點，讓你不必登百岳，也不必考驗自己的腿力，就能一睹夕陽無限好的絕美景致。', '桃園區', '桃園市桃園區成功路三段', 121.32837, 25.01204, '06:00至24:00止');
INSERT INTO `attraction` VALUES (41, '義美食品生產．生態．生活廠區（觀光工廠）', '探索傳統餅製程、發掘老故事，看老字號品牌如何從街頭小攤搖身一變糕餅龍頭﹖還有讓大人小孩都輕鬆上手的定番西點手作，趣味十足！', '蘆竹區', '桃園市蘆竹區南工路一段11號', 121.27893, 25.06032, '導覽與DIY活動09:00-17:00、商店區與現烘麵包坊:07:00~22:00、見學餐廳:11:00~21:00');
INSERT INTO `attraction` VALUES (42, '華泰名品城', '百大國際品牌全年祭出優惠，省錢入手經典單品，締造你的獨有魅力﹔大展風潮的人氣餐館，讓品味從外在穿搭到飲食，都是極入流的表現。', '中壢區', '桃園市中壢區春德路189號', 121.21264, 25.01366, '週一至週五/補班日11:00~21:00、週六至週日/例假日11:00~22:00');
INSERT INTO `attraction` VALUES (43, '三民蝙蝠洞', '來蝙蝠洞的亮點可不是追蝙蝠！而是打卡足以容納千人的半月形天然岩洞，加上魔幻綠色調的池灘，注意!也許有小精靈隨時出沒!', '復興區', '桃園市復興區三民里東側五寮溪溪谷內', 121.3503, 24.8381, '全年無休');
INSERT INTO `attraction` VALUES (44, '宏亞巧克力共和國', '課本學不到的巧克力冷知識全部告訴你﹔好玩的DIY工坊教你製作獨一無二的甜點、把廢酒瓶變成藝術品，一起進入巧克力的夢想國度吧！', '八德區', '桃園市八德區巧克力街177號', 121.29292, 24.94174, '即日起暫停開放');
INSERT INTO `attraction` VALUES (45, '溪海休閒農業園區', '捲起袖子種瓜、養雞、桿麵，手把手體驗農人日常﹔園區四季都是花季，海芋鬥艷的時節，繽紛多彩尤其令人為之一亮。', '大園區', '桃園市大園區溪海里16鄰聖德北路828號', 121.1956250667572, 25.032416789969336, '全年無休，多數農場為08:00~17:00');
INSERT INTO `attraction` VALUES (46, '桃園中正藝文特區商圈', '料理東西軍大舉插旗的美食版圖，從街邊傳統小吃到異國美饌，強力逆襲每一張懂吃的嘴，還要把潮流衣著買起來，大肆享受逛街的快感。', '桃園區', '桃園市桃園區中正路1188號', 121.2999951839447, 25.01749405443518, '全年無休');
INSERT INTO `attraction` VALUES (47, '中壢老街溪步道、新街溪步道', '綿延數公里的步道盡是盎然綠茵，春日還有櫻花點綴﹔淙淙溪水清澈見底，不時能見白鷺鷥、翠鳥等蹤影，豐富生態令人無比驚艷。', '中壢區', '桃園市中壢區平鎮區八字圳水岸公園至中壢環北路老街溪橋', 121.21503, 24.95053, '全年無休');
INSERT INTO `attraction` VALUES (48, '虎頭山公園全齡友善步道', '不分老幼的自然系踏青路線，只要邁開步伐，便能擁抱難能可貴的生態之美，一路上也許會巧遇松鼠和蛙蛙，歡迎你造訪這座城市後花園。', '桃園區', '桃園市桃園區公園路42號(主入口)', 121.32756695151329, 25.001814721734924, '全年無休');
INSERT INTO `attraction` VALUES (49, '富田香草休閒農場(富田花園農場)', '一池湖水倒映藍天白雲、漫步彩虹花田寫下四季序曲、光看就療癒的人氣小動物…，在富田，隨心所欲架上鏡頭就是一張風格美拍！', '大溪區', '桃園市大溪區福安里3鄰頭寮一路29巷59號', 121.28812, 24.83951, '10:00-17:00（平日）09:00-1800（假日）');
INSERT INTO `attraction` VALUES (50, '許厝港濕地', '北台灣最大的海岸型濕地、野鳥迷必收的追鳥熱點，超過200種水鳥在此棲息、覓食﹔每年秋冬之際，上千隻水鳥現蹤，絕對值得一睹盛況。', '大園區', '桃園市大園區老街溪河口右岸', 121.17559, 25.08786, '全年無休');
INSERT INTO `attraction` VALUES (51, '巴陵古道生態園區', '要認識巴陵的明媚風光，園區內的蝴蝶館、甲蟲館、闊葉林館，以及地質館等四座館舍，讓你爬山不再走馬看花，深度領略山林美好。', '復興區', '桃園市復興區華陵里7鄰29號', 121.38315, 24.6796, '08:00-17:00');
INSERT INTO `attraction` VALUES (52, '桃園防災教育館', '透過煙霧體驗、滅火VR體驗、密室逃脫等各樣互動教學，你將學習到各樣實用的防災觀念，化身為守護家園的救難小英雄。', '八德區', '桃園市八德區介壽路二段901巷49弄35號', 121.29824, 24.93674, '星期二至星期六:09:00–12:00、13:30–16:30休館時間：每周日、一休館，另依行政院人事行政總處公告之國定假日或停止上班(課)日亦休館。如有特殊情形，以桃園防災館粉絲專頁公告為準。最後入館參觀時間：AM11:00及PM15:30');
INSERT INTO `attraction` VALUES (53, '桃園藝文廣場', '大片綠地讓人只是在晨光下散步也能備感療癒，由不規則形狀的紅色大門通往別具｢藝｣思的表演世界，總是能令人滿載而歸。', '桃園區', '桃園市桃園區中正路1188號', 121.29998445510864, 25.017503776677582, '展演中心開放時間§大廳§週一至週日09:00-17:00　國定假日休館§展場§週三至週日09:00-17:00週一至週二及國定假日休館');
INSERT INTO `attraction` VALUES (54, '李騰芳古宅', '大有來頭的舉人宅邸，可是連格局、風水、雕飾都相當講究，來睜大眼找找藏在細節的建築密碼，你會發現古人遠比你想得還有智慧！', '大溪區', '桃園市大溪區月眉路198巷32號', 121.29552, 24.89097, '￭開館時間：星期二至星期日上午9:30~下午5:00￭休館時間：每星期一（逢國定假日照常開放，翌日休館）、農曆除夕、大年初一');
INSERT INTO `attraction` VALUES (55, '中原商圈(中原夜市)', '有令你熟悉的在地小吃，也有大玩混搭的創意美食，華燈初上時，整座夜市一路飄香，只要你｢肚量｣夠大，歡迎過足你的吃貨癮。', '中壢區', '桃園市中壢區中原大學周邊(實踐路與日新路)', 121.24062, 24.95543, '16:00–00:00');
INSERT INTO `attraction` VALUES (56, '桃園火車站前商圈', '從銅板小吃到品牌名店，琳瑯滿目的美食就要躁動你的味蕾，接著以統領百貨為中心瘋狂採買，用新台幣把時尚潮流新玩意通通下架！', '桃園區', '桃園市桃園區桃園火車站前中正路延伸至中山路景福宮段的熱鬧商圈', 121.31354, 24.98921, '全年無休');
INSERT INTO `attraction` VALUES (57, '蓮荷園休閒農場', '夏日限定的大王蓮水上漂、唯美蓮池盪鞦韆，另類玩法不能錯過！園內還有販售蓮子剉冰、荷葉炒米粉等特色料理，鹹甜都對你的味！', '觀音區', '桃園市觀音區藍埔里11鄰金華路690號', 121.11581, 25.01346, '1~3月：採團體預約制4~6月、9~12月：週二公休，平日08:30~17:00，假日08:30~17:007~8月：無公休，平日08:30~17:00，假日08:30~17:00');
INSERT INTO `attraction` VALUES (58, '石門水庫步道', '深入步道的收穫，不只是鍛鍊體力，還可以眺望大壩風光，感受悠遊自然的快意﹔高雅梅櫻、橙紅楓葉、四月雪流蘇花，四季各有看頭。', '大溪區', '桃園市大溪區環湖公路', 121.23844385147095, 24.813654189280793, '全年無休');
INSERT INTO `attraction` VALUES (59, '百吉林蔭步道', '帶上娃兒也能自在踏青的平緩步道，不僅可以一邊大口呼吸芬多精，還能一邊發現藏於山中的豐富物種，春賞杜鵑夏賞桐花，最是愜意。', '大溪區', '桃園市大溪區北橫公路，過慈湖，約台七線5公里處', 121.30234, 24.83579, '全年無休');
INSERT INTO `attraction` VALUES (60, 'Xpark八景島水族館', '不用出國！橫濱八景島首設海外分館，13大主題展區以萬花筒般的絢爛燈光與久石讓打造的專屬音樂，帶你沉浸奇幻無比的水生世界。', '中壢區', '桃園市中壢區春德路105號', 121.2142664194107, 25.01723155359922, '10:00-18:00（週六、國定假日營業至20:00）');
INSERT INTO `attraction` VALUES (61, '卡司‧蒂菈樂園（金格觀光工廠）', '烤餅乾、彩繪薑餅屋，親子動動手，夢幻甜點自己做，再來參觀長崎蛋糕生產線、學習實用的食安常識，陪孩子一起長飲食小知識。', '蘆竹區', '桃園市蘆竹區大竹北路90-66號', 121.25349, 25.03153, '09:00~17:00（15:30售票截止，週一休館）');
INSERT INTO `attraction` VALUES (62, '桃園新光影城', '引進全台首座杜比影院，不僅以超奢華放映設備打造觀影新高度，還搭配天王按摩椅、五星級電動床組，連身體也享受極致放鬆。', '中壢區', '桃園市中壢區春德路107號1-2樓', 121.21341347694397, 25.01677460636073, '營業時間：週一至週四11:00-21:00週五至週日11:00-22:00例假日及假日前一天11:00-22:00');
INSERT INTO `attraction` VALUES (63, '桃園酒廠', '享譽國際的玉泉清酒是怎麼製作的﹖來趟酒廠除了認識隱藏在溫潤口感之下的文化內涵，還能DIY酒粕皂、鹽麴，深究清酒之奧妙。', '龜山區', '桃園市龜山區文化一路55號', 121.37473, 25.05694, '全年無休(除夕例外)，上午9:00~下午5:00');
INSERT INTO `attraction` VALUES (64, '大溪橋', '復古拱門、氣派雕花，巴洛克風格的大溪橋，不只是連接大漢溪的重要通道，也是欣賞崁津美景的絕佳據點，入夜後光雕閃耀，更添風采。', '大溪區', '桃園市大溪區瑞安路一段273號', 121.2839, 24.88482, '全年無休');
INSERT INTO `attraction` VALUES (65, '桃園77藝文町', '在五光十色的站前商圈裡，這座日式宿舍群像是一片文化綠洲，默默地藉由展覽、藝文表演、文創市集，以新舊交錯的文化樣貌滋養這城市。', '桃園區', '桃園市桃園區中正路77巷5號', 121.3115, 24.99172, '星期二–星期日，上午10:00-下午10:00');
INSERT INTO `attraction` VALUES (66, '白沙岬燈塔', '從日治時期便屹立於此的老燈塔和老苦楝樹，數年如一日的持續守望著出外人回家的路，廣場設有步道、涼亭，漫步其中感受悠悠時光。', '觀音區', '桃園市觀音區光明路216號', 121.076243, 25.041313, '夏令時間(4月~10月)：09:00~18:00、冬令時間(11月~隔年3月)：09:00~17:00，週一公休');
INSERT INTO `attraction` VALUES (67, '綠光森林', '挑張彩色椅，坐看雲海彩霞落羽松、園裡餵食小綿羊，療癒你的心、三五好友BBQ，歡樂無極限…，不一會兒的時間你就會戀上這片山。', '復興區', '桃園市復興區霞雲里3鄰志繼19號之2', 121.37498, 24.81742, '營業時間AM10:00~PM5:00');
INSERT INTO `attraction` VALUES (68, '羊世界牧場', '小孩才做選擇！這裡是老饕必插旗的羊肉料理據點，也是能和萌寵動物同框的親子樂園，輕鬆搞定你旅行的二個願望，沒那麼困難！', '中壢區', '桃園市中壢區三芝路169號', 121.21029, 24.98201, '9:00~17:00');
INSERT INTO `attraction` VALUES (69, '台灣高鐵桃園站', '與桃園捷運共構的高鐵桃園站，其每日平均進出站人次大約4萬人，相較於北台灣其他車站，僅次於台北站，交通樞紐地位特別重要。', '中壢區', '桃園市中壢區高鐵北路一段6號', 121.21486, 25.01299, '06：20～23：45');
INSERT INTO `attraction` VALUES (70, '大平紅橋', '曾獲選為台灣歷史建築百景，在地人口中的糯米橋，紅磚橋身倒影在打鐵坑溪，融合周邊的農村風景，別有一番優雅古意。', '龍潭區', '桃園市龍潭區石門路53號', 121.24554097652435, 24.831264694747457, '全年無休');
INSERT INTO `attraction` VALUES (71, '大棟山登山步道', '目睹海拔405公尺的小百岳風景，有飛機凌空飛、高鐵呼嘯過、蜿蜒淡水河、台北101屹立遠處，攻頂後的重頭戲，就是令人直呼值得。', '龜山區', '桃園市龜山區兔坑村', 121.40055656433105, 24.998349466241233, '全年無休');
INSERT INTO `attraction` VALUES (72, '新勢公園', '無論你是想踩上滑板大展身手、攀岩場上大秀肌肉、與姊妹淘在野餐墊上大嗑美食、或是讓孩子大發玩心，這裡就是你的大遊藝場！', '平鎮區', '桃園市平鎮區延平路中豐路口', 121.21670722961426, 24.951861115197357, '全年無休');
INSERT INTO `attraction` VALUES (73, '雅聞魅力博覽館', '歐風玫瑰花園、峇里島發呆亭、香氛步道走廊，讓人一踏進園區就有滿滿度假感，館內另規劃沐浴球、香氛娃娃DIY，小巧可愛適合當紀念品。', '楊梅區', '桃園市楊梅區中山北路一段21巷1號', 121.15078657865524, 24.906763776518105, '周一至周五08:30-12:0012:30-17:00國定及例假日公休');
INSERT INTO `attraction` VALUES (74, '興仁夜市', '想要大啖各路料理的就來美食天地，想要玩遊戲買衣服的就來歡樂王國，分區規劃更好逛，區內還設有遮雨棚，就算下雨也能開心逛夜市！', '八德區', '桃園市八德區長興路46號', 121.28317, 24.93076, '週二、週五∼週日17:00~00:00');
INSERT INTO `attraction` VALUES (75, '景福宮', '歷經歲月洗鍊的百年宮廟是地方上的信仰中心，每年開漳聖王聖誕、祈福建醮，全城鑼鼓喧闐，猶如一場民俗嘉年華，場面無比震撼！', '桃園區', '桃園市桃園區中正路208號', 121.31102, 24.99468, '06:00-21:00');
INSERT INTO `attraction` VALUES (76, '慈湖紀念雕塑公園', '以紀念之名，蒐羅來自各地近三百座的蔣公銅像，打造全台獨有的雕塑公園，循著步道回顧歷史軌跡之餘，也可飽覽小橋流水的庭園造景。', '大溪區', '桃園市大溪區復興路一段1097號', 121.2937, 24.84156, '全年無休');
INSERT INTO `attraction` VALUES (77, '金車咖啡文教館', '從咖啡豆的精心挑選、掌握最佳烘焙程度、到最終的設計包裝，走逛每個生產環節，就能明白成就一杯香醇咖啡有多麼不簡單！', '中壢區', '桃園市中壢區榮民南路412號', 121.25445, 24.94818, '■週一至週五，09:30~12:00(最晚11:00入場)/13:30~17:00(最晚16:00入場)。');
INSERT INTO `attraction` VALUES (78, '小人國', '環遊世界不是夢，上百座等比縮小的世界知名建築等你一一造訪！園內還有20多種遊樂設施、精彩主題表演，讓全家人都盡情玩樂。', '龍潭區', '桃園市龍潭區高原里高原路891號', 121.18711, 24.83195, '平日營業時間：09：00~16：30，假日營業時間：09：30~17：00。營業時間如有調整，請以官方網站公告為準。');
INSERT INTO `attraction` VALUES (79, '山豬湖生態親水園區', '山豬湖雲天池湖面廣闊，每逢6、7月沿著岸邊棧道散步，觀賞荷花遍佈，蓮葉滿池的壯闊景色。絕佳的賞荷秘境，值得一覽芳華!', '大溪區', '桃園市大溪區山豬湖生態親水園區', 121.3035, 24.90378, '週一至週日8:00-17:00');
INSERT INTO `attraction` VALUES (80, '舊百吉隧道', '日治時期聯絡角板山和大溪的交通要道，現今已成為重現往年車伕在輕便鐵道上，手押台車、辛苦載客載貨場景的歷史廊道。', '大溪區', '桃園市大溪區北橫公路，過慈湖，約台七線5公里處', 121.30218, 24.83544, '全年無休');
INSERT INTO `attraction` VALUES (81, '手信霧隱城', '以日本江戶時代為背景，打造出霧隱城城廓及江戶老街城下町的樣貌，帶領遊客進到城裡，一探幕府將軍與和菓子的能量秘密。', '龍潭區', '桃園市龍潭區民豐一街99號', 121.24265, 24.8803, '【週一~週五】入場09:00~17:00，截止售票16:00【週六~週日】入場09:00~18:00，截止售票17:00');

-- ----------------------------
-- Table structure for cart
-- ----------------------------
DROP TABLE IF EXISTS `cart`;
CREATE TABLE `cart`  (
  `id` int NOT NULL AUTO_INCREMENT,
  `userId` int NOT NULL,
  `attractionId` int NOT NULL,
  `date` date NOT NULL,
  `price` int NOT NULL,
  `period` varchar(20) CHARACTER SET utf8 COLLATE utf8_general_ci NOT NULL,
  `orderId` int NULL DEFAULT NULL,
  PRIMARY KEY (`id`) USING BTREE,
  INDEX `fk_cart_user_id`(`userId` ASC) USING BTREE,
  INDEX `fk_cart_attaction_id`(`attractionId` ASC) USING BTREE,
  INDEX `fk_cart_order_number`(`orderId` ASC) USING BTREE,
  CONSTRAINT `fk_cart_attaction_id` FOREIGN KEY (`attractionId`) REFERENCES `attraction` (`id`) ON DELETE RESTRICT ON UPDATE RESTRICT,
  CONSTRAINT `fk_cart_order_number` FOREIGN KEY (`orderId`) REFERENCES `order` (`id`) ON DELETE RESTRICT ON UPDATE RESTRICT,
  CONSTRAINT `fk_cart_user_id` FOREIGN KEY (`userId`) REFERENCES `user` (`id`) ON DELETE RESTRICT ON UPDATE RESTRICT
) ENGINE = InnoDB AUTO_INCREMENT = 14 CHARACTER SET = utf8 COLLATE = utf8_general_ci ROW_FORMAT = Dynamic;

-- ----------------------------
-- Records of cart
-- ----------------------------
INSERT INTO `cart` VALUES (1, 1, 2, '2025-03-07', 2000, 'morning', 1);
INSERT INTO `cart` VALUES (2, 1, 9, '2025-03-20', 2500, 'afternoon', 1);
INSERT INTO `cart` VALUES (3, 1, 7, '2025-03-05', 2000, 'morning', 2);
INSERT INTO `cart` VALUES (4, 1, 11, '2025-03-18', 2000, 'morning', 2);
INSERT INTO `cart` VALUES (5, 1, 22, '2025-03-06', 2000, 'morning', 4);
INSERT INTO `cart` VALUES (6, 1, 23, '2025-03-06', 2000, 'morning', 4);
INSERT INTO `cart` VALUES (7, 2, 2, '2025-03-27', 2000, 'morning', 3);
INSERT INTO `cart` VALUES (8, 2, 7, '2025-03-28', 2000, 'morning', 3);
INSERT INTO `cart` VALUES (9, 2, 8, '2025-03-18', 2500, 'afternoon', 3);
INSERT INTO `cart` VALUES (10, 2, 11, '2025-03-20', 2000, 'morning', NULL);
INSERT INTO `cart` VALUES (11, 2, 46, '2025-04-23', 2500, 'afternoon', NULL);
INSERT INTO `cart` VALUES (13, 1, 11, '2025-03-19', 2500, 'afternoon', 4);

-- ----------------------------
-- Table structure for class
-- ----------------------------
DROP TABLE IF EXISTS `class`;
CREATE TABLE `class`  (
  `id` int NOT NULL AUTO_INCREMENT,
  `attractionId` int NOT NULL,
  `category` varchar(100) CHARACTER SET utf8 COLLATE utf8_general_ci NOT NULL,
  PRIMARY KEY (`id`) USING BTREE,
  INDEX `fk_class_id`(`attractionId` ASC) USING BTREE,
  CONSTRAINT `fk_class_id` FOREIGN KEY (`attractionId`) REFERENCES `attraction` (`id`) ON DELETE RESTRICT ON UPDATE RESTRICT
) ENGINE = InnoDB AUTO_INCREMENT = 145 CHARACTER SET = utf8 COLLATE = utf8_general_ci ROW_FORMAT = Dynamic;

-- ----------------------------
-- Records of class
-- ----------------------------
INSERT INTO `class` VALUES (1, 1, '北橫原鄉');
INSERT INTO `class` VALUES (2, 1, '自然生態');
INSERT INTO `class` VALUES (3, 1, '市級風景區');
INSERT INTO `class` VALUES (4, 2, '大溪總統鎮');
INSERT INTO `class` VALUES (5, 2, '歷史人文');
INSERT INTO `class` VALUES (6, 3, '石門秘境');
INSERT INTO `class` VALUES (7, 3, '自然生態');
INSERT INTO `class` VALUES (8, 4, '濱海追風');
INSERT INTO `class` VALUES (9, 5, '北橫原鄉');
INSERT INTO `class` VALUES (10, 5, '自然生態');
INSERT INTO `class` VALUES (11, 6, '自然生態');
INSERT INTO `class` VALUES (12, 6, '休閒健走');
INSERT INTO `class` VALUES (13, 7, '濱海追風');
INSERT INTO `class` VALUES (14, 8, '大溪總統鎮');
INSERT INTO `class` VALUES (15, 8, '歷史人文');
INSERT INTO `class` VALUES (16, 9, '北橫原鄉');
INSERT INTO `class` VALUES (17, 9, '自然生態');
INSERT INTO `class` VALUES (18, 9, '休閒健走');
INSERT INTO `class` VALUES (19, 9, '歷史人文');
INSERT INTO `class` VALUES (20, 10, '虎頭山');
INSERT INTO `class` VALUES (21, 10, '歷史人文');
INSERT INTO `class` VALUES (22, 11, '水岸陂塘');
INSERT INTO `class` VALUES (23, 11, '歷史人文');
INSERT INTO `class` VALUES (24, 12, '大溪總統鎮');
INSERT INTO `class` VALUES (25, 12, '石門秘境');
INSERT INTO `class` VALUES (26, 12, '自然生態');
INSERT INTO `class` VALUES (27, 12, '休閒健走');
INSERT INTO `class` VALUES (28, 13, '歷史人文');
INSERT INTO `class` VALUES (29, 14, '北橫原鄉');
INSERT INTO `class` VALUES (30, 14, '自然生態');
INSERT INTO `class` VALUES (31, 14, '休閒健走');
INSERT INTO `class` VALUES (32, 14, '歷史人文');
INSERT INTO `class` VALUES (33, 15, '石門秘境');
INSERT INTO `class` VALUES (34, 15, '歷史人文');
INSERT INTO `class` VALUES (35, 16, '濱海追風');
INSERT INTO `class` VALUES (36, 17, '大溪總統鎮');
INSERT INTO `class` VALUES (37, 17, '歷史人文');
INSERT INTO `class` VALUES (38, 18, '自然生態');
INSERT INTO `class` VALUES (39, 18, '水岸陂塘');
INSERT INTO `class` VALUES (40, 19, '虎頭山');
INSERT INTO `class` VALUES (41, 19, '自然生態');
INSERT INTO `class` VALUES (42, 19, '休閒健走');
INSERT INTO `class` VALUES (43, 19, '市級風景區');
INSERT INTO `class` VALUES (44, 20, '自然生態');
INSERT INTO `class` VALUES (45, 20, '休閒健走');
INSERT INTO `class` VALUES (46, 21, '北橫原鄉');
INSERT INTO `class` VALUES (47, 21, '自然生態');
INSERT INTO `class` VALUES (48, 22, '遊樂購物');
INSERT INTO `class` VALUES (49, 23, '虎頭山');
INSERT INTO `class` VALUES (50, 23, '自然生態');
INSERT INTO `class` VALUES (51, 23, '市級風景區');
INSERT INTO `class` VALUES (52, 24, '北橫原鄉');
INSERT INTO `class` VALUES (53, 24, '自然生態');
INSERT INTO `class` VALUES (54, 24, '休閒健走');
INSERT INTO `class` VALUES (55, 24, '市級風景區');
INSERT INTO `class` VALUES (56, 25, '大溪總統鎮');
INSERT INTO `class` VALUES (57, 25, '石門秘境');
INSERT INTO `class` VALUES (58, 25, '自然生態');
INSERT INTO `class` VALUES (59, 25, '水岸陂塘');
INSERT INTO `class` VALUES (60, 26, '水岸陂塘');
INSERT INTO `class` VALUES (61, 27, '自然生態');
INSERT INTO `class` VALUES (62, 27, '休閒健走');
INSERT INTO `class` VALUES (63, 28, '濱海追風');
INSERT INTO `class` VALUES (64, 29, '歷史人文');
INSERT INTO `class` VALUES (65, 30, '水岸陂塘');
INSERT INTO `class` VALUES (66, 31, '遊樂購物');
INSERT INTO `class` VALUES (67, 32, '自然生態');
INSERT INTO `class` VALUES (68, 32, '休閒健走');
INSERT INTO `class` VALUES (69, 33, '遊樂購物');
INSERT INTO `class` VALUES (70, 34, '大溪總統鎮');
INSERT INTO `class` VALUES (71, 34, '觀光工廠');
INSERT INTO `class` VALUES (72, 34, '歷史人文');
INSERT INTO `class` VALUES (73, 35, '自然生態');
INSERT INTO `class` VALUES (74, 36, '休閒健走');
INSERT INTO `class` VALUES (75, 37, '濱海追風');
INSERT INTO `class` VALUES (76, 38, '觀光工廠');
INSERT INTO `class` VALUES (77, 39, '觀光工廠');
INSERT INTO `class` VALUES (78, 40, '虎頭山');
INSERT INTO `class` VALUES (79, 40, '自然生態');
INSERT INTO `class` VALUES (80, 40, '市級風景區');
INSERT INTO `class` VALUES (81, 41, '觀光工廠');
INSERT INTO `class` VALUES (82, 42, '遊樂購物');
INSERT INTO `class` VALUES (83, 43, '自然生態');
INSERT INTO `class` VALUES (84, 44, '觀光工廠');
INSERT INTO `class` VALUES (85, 45, '自然生態');
INSERT INTO `class` VALUES (86, 45, '草花農場');
INSERT INTO `class` VALUES (87, 46, '遊樂購物');
INSERT INTO `class` VALUES (88, 47, '水岸陂塘');
INSERT INTO `class` VALUES (89, 47, '休閒健走');
INSERT INTO `class` VALUES (90, 48, '虎頭山');
INSERT INTO `class` VALUES (91, 48, '自然生態');
INSERT INTO `class` VALUES (92, 48, '休閒健走');
INSERT INTO `class` VALUES (93, 48, '市級風景區');
INSERT INTO `class` VALUES (94, 49, '大溪總統鎮');
INSERT INTO `class` VALUES (95, 49, '自然生態');
INSERT INTO `class` VALUES (96, 49, '草花農場');
INSERT INTO `class` VALUES (97, 50, '濱海追風');
INSERT INTO `class` VALUES (98, 50, '自然生態');
INSERT INTO `class` VALUES (99, 51, '自然生態');
INSERT INTO `class` VALUES (100, 52, '歷史人文');
INSERT INTO `class` VALUES (101, 53, '休閒健走');
INSERT INTO `class` VALUES (102, 54, '歷史人文');
INSERT INTO `class` VALUES (103, 55, '遊樂購物');
INSERT INTO `class` VALUES (104, 56, '遊樂購物');
INSERT INTO `class` VALUES (105, 57, '自然生態');
INSERT INTO `class` VALUES (106, 57, '草花農場');
INSERT INTO `class` VALUES (107, 58, '石門秘境');
INSERT INTO `class` VALUES (108, 58, '自然生態');
INSERT INTO `class` VALUES (109, 58, '休閒健走');
INSERT INTO `class` VALUES (110, 59, '大溪總統鎮');
INSERT INTO `class` VALUES (111, 59, '北橫原鄉');
INSERT INTO `class` VALUES (112, 59, '自然生態');
INSERT INTO `class` VALUES (113, 59, '休閒健走');
INSERT INTO `class` VALUES (114, 59, '歷史人文');
INSERT INTO `class` VALUES (115, 60, '自然生態');
INSERT INTO `class` VALUES (116, 60, '遊樂購物');
INSERT INTO `class` VALUES (117, 61, '觀光工廠');
INSERT INTO `class` VALUES (118, 62, '遊樂購物');
INSERT INTO `class` VALUES (119, 63, '觀光工廠');
INSERT INTO `class` VALUES (120, 64, '歷史人文');
INSERT INTO `class` VALUES (121, 65, '歷史人文');
INSERT INTO `class` VALUES (122, 66, '濱海追風');
INSERT INTO `class` VALUES (123, 66, '歷史人文');
INSERT INTO `class` VALUES (124, 67, '草花農場');
INSERT INTO `class` VALUES (125, 68, '草花農場');
INSERT INTO `class` VALUES (126, 69, '遊樂購物');
INSERT INTO `class` VALUES (127, 70, '歷史人文');
INSERT INTO `class` VALUES (128, 71, '自然生態');
INSERT INTO `class` VALUES (129, 71, '休閒健走');
INSERT INTO `class` VALUES (130, 72, '自然生態');
INSERT INTO `class` VALUES (131, 73, '觀光工廠');
INSERT INTO `class` VALUES (132, 74, '遊樂購物');
INSERT INTO `class` VALUES (133, 75, '歷史人文');
INSERT INTO `class` VALUES (134, 76, '大溪總統鎮');
INSERT INTO `class` VALUES (135, 76, '歷史人文');
INSERT INTO `class` VALUES (136, 77, '觀光工廠');
INSERT INTO `class` VALUES (137, 78, '遊樂購物');
INSERT INTO `class` VALUES (138, 79, '自然生態');
INSERT INTO `class` VALUES (139, 79, '水岸陂塘');
INSERT INTO `class` VALUES (140, 79, '休閒健走');
INSERT INTO `class` VALUES (141, 80, '大溪總統鎮');
INSERT INTO `class` VALUES (142, 80, '北橫原鄉');
INSERT INTO `class` VALUES (143, 80, '歷史人文');
INSERT INTO `class` VALUES (144, 81, '觀光工廠');

-- ----------------------------
-- Table structure for image
-- ----------------------------
DROP TABLE IF EXISTS `image`;
CREATE TABLE `image`  (
  `id` int NOT NULL AUTO_INCREMENT,
  `attractionId` int NOT NULL,
  `image` varchar(200) CHARACTER SET utf8 COLLATE utf8_general_ci NOT NULL,
  PRIMARY KEY (`id`) USING BTREE,
  INDEX `fk_image_id`(`attractionId` ASC) USING BTREE,
  CONSTRAINT `fk_image_id` FOREIGN KEY (`attractionId`) REFERENCES `attraction` (`id`) ON DELETE RESTRICT ON UPDATE RESTRICT
) ENGINE = InnoDB AUTO_INCREMENT = 1063 CHARACTER SET = utf8 COLLATE = utf8_general_ci ROW_FORMAT = Dynamic;

-- ----------------------------
-- Records of image
-- ----------------------------
INSERT INTO `image` VALUES (1, 1, 'https://travel.tycg.gov.tw/image/100593/640x480');
INSERT INTO `image` VALUES (2, 1, 'https://travel.tycg.gov.tw/image/100594/640x480');
INSERT INTO `image` VALUES (3, 1, 'https://travel.tycg.gov.tw/image/100595/640x480');
INSERT INTO `image` VALUES (4, 1, 'https://travel.tycg.gov.tw/image/100596/640x480');
INSERT INTO `image` VALUES (5, 1, 'https://travel.tycg.gov.tw/image/100597/640x480');
INSERT INTO `image` VALUES (6, 1, 'https://travel.tycg.gov.tw/image/100598/640x480');
INSERT INTO `image` VALUES (7, 1, 'https://travel.tycg.gov.tw/image/100599/640x480');
INSERT INTO `image` VALUES (8, 1, 'https://travel.tycg.gov.tw/image/100600/640x480');
INSERT INTO `image` VALUES (9, 1, 'https://travel.tycg.gov.tw/image/100601/640x480');
INSERT INTO `image` VALUES (10, 1, 'https://travel.tycg.gov.tw/image/100622/640x480');
INSERT INTO `image` VALUES (11, 1, 'https://travel.tycg.gov.tw/image/100623/640x480');
INSERT INTO `image` VALUES (12, 2, 'https://travel.tycg.gov.tw/image/6605/640x480');
INSERT INTO `image` VALUES (13, 2, 'https://travel.tycg.gov.tw/image/34277/640x480');
INSERT INTO `image` VALUES (14, 2, 'https://travel.tycg.gov.tw/image/77177/640x480');
INSERT INTO `image` VALUES (15, 2, 'https://travel.tycg.gov.tw/image/89622/640x480');
INSERT INTO `image` VALUES (16, 2, 'https://travel.tycg.gov.tw/image/89646/640x480');
INSERT INTO `image` VALUES (17, 2, 'https://travel.tycg.gov.tw/image/89647/640x480');
INSERT INTO `image` VALUES (18, 2, 'https://travel.tycg.gov.tw/image/89648/640x480');
INSERT INTO `image` VALUES (19, 2, 'https://travel.tycg.gov.tw/image/89691/640x480');
INSERT INTO `image` VALUES (20, 2, 'https://travel.tycg.gov.tw/image/89711/640x480');
INSERT INTO `image` VALUES (21, 2, 'https://travel.tycg.gov.tw/image/89731/640x480');
INSERT INTO `image` VALUES (22, 2, 'https://travel.tycg.gov.tw/image/89732/640x480');
INSERT INTO `image` VALUES (23, 2, 'https://travel.tycg.gov.tw/image/89733/640x480');
INSERT INTO `image` VALUES (24, 2, 'https://travel.tycg.gov.tw/image/102105/640x480');
INSERT INTO `image` VALUES (25, 3, 'https://travel.tycg.gov.tw/image/3954/640x480');
INSERT INTO `image` VALUES (26, 3, 'https://travel.tycg.gov.tw/image/3955/640x480');
INSERT INTO `image` VALUES (27, 3, 'https://travel.tycg.gov.tw/image/6560/640x480');
INSERT INTO `image` VALUES (28, 3, 'https://travel.tycg.gov.tw/image/6729/640x480');
INSERT INTO `image` VALUES (29, 3, 'https://travel.tycg.gov.tw/image/6730/640x480');
INSERT INTO `image` VALUES (30, 3, 'https://travel.tycg.gov.tw/image/6731/640x480');
INSERT INTO `image` VALUES (31, 3, 'https://travel.tycg.gov.tw/image/6844/640x480');
INSERT INTO `image` VALUES (32, 3, 'https://travel.tycg.gov.tw/image/34281/640x480');
INSERT INTO `image` VALUES (33, 3, 'https://travel.tycg.gov.tw/image/78955/640x480');
INSERT INTO `image` VALUES (34, 4, 'https://travel.tycg.gov.tw/image/4031/640x480');
INSERT INTO `image` VALUES (35, 4, 'https://travel.tycg.gov.tw/image/4033/640x480');
INSERT INTO `image` VALUES (36, 4, 'https://travel.tycg.gov.tw/image/6545/640x480');
INSERT INTO `image` VALUES (37, 4, 'https://travel.tycg.gov.tw/image/6546/640x480');
INSERT INTO `image` VALUES (38, 4, 'https://travel.tycg.gov.tw/image/6547/640x480');
INSERT INTO `image` VALUES (39, 4, 'https://travel.tycg.gov.tw/image/6873/640x480');
INSERT INTO `image` VALUES (40, 4, 'https://travel.tycg.gov.tw/image/70806/640x480');
INSERT INTO `image` VALUES (41, 4, 'https://travel.tycg.gov.tw/image/70807/640x480');
INSERT INTO `image` VALUES (42, 4, 'https://travel.tycg.gov.tw/image/70808/640x480');
INSERT INTO `image` VALUES (43, 4, 'https://travel.tycg.gov.tw/image/70809/640x480');
INSERT INTO `image` VALUES (44, 4, 'https://travel.tycg.gov.tw/image/70810/640x480');
INSERT INTO `image` VALUES (45, 4, 'https://travel.tycg.gov.tw/image/70811/640x480');
INSERT INTO `image` VALUES (46, 4, 'https://travel.tycg.gov.tw/image/70812/640x480');
INSERT INTO `image` VALUES (47, 4, 'https://travel.tycg.gov.tw/image/70813/640x480');
INSERT INTO `image` VALUES (48, 4, 'https://travel.tycg.gov.tw/image/70814/640x480');
INSERT INTO `image` VALUES (49, 4, 'https://travel.tycg.gov.tw/image/74205/640x480');
INSERT INTO `image` VALUES (50, 5, 'https://travel.tycg.gov.tw/image/6646/640x480');
INSERT INTO `image` VALUES (51, 5, 'https://travel.tycg.gov.tw/image/6648/640x480');
INSERT INTO `image` VALUES (52, 5, 'https://travel.tycg.gov.tw/image/67915/640x480');
INSERT INTO `image` VALUES (53, 5, 'https://travel.tycg.gov.tw/image/67916/640x480');
INSERT INTO `image` VALUES (54, 5, 'https://travel.tycg.gov.tw/image/67917/640x480');
INSERT INTO `image` VALUES (55, 5, 'https://travel.tycg.gov.tw/image/67918/640x480');
INSERT INTO `image` VALUES (56, 5, 'https://travel.tycg.gov.tw/image/67919/640x480');
INSERT INTO `image` VALUES (57, 5, 'https://travel.tycg.gov.tw/image/67921/640x480');
INSERT INTO `image` VALUES (58, 5, 'https://travel.tycg.gov.tw/image/67923/640x480');
INSERT INTO `image` VALUES (59, 5, 'https://travel.tycg.gov.tw/image/101004/640x480');
INSERT INTO `image` VALUES (60, 5, 'https://travel.tycg.gov.tw/image/101005/640x480');
INSERT INTO `image` VALUES (61, 5, 'https://travel.tycg.gov.tw/image/101006/640x480');
INSERT INTO `image` VALUES (62, 5, 'https://travel.tycg.gov.tw/image/101007/640x480');
INSERT INTO `image` VALUES (63, 5, 'https://travel.tycg.gov.tw/image/101008/640x480');
INSERT INTO `image` VALUES (64, 6, 'https://travel.tycg.gov.tw/image/10729/640x480');
INSERT INTO `image` VALUES (65, 6, 'https://travel.tycg.gov.tw/image/10730/640x480');
INSERT INTO `image` VALUES (66, 6, 'https://travel.tycg.gov.tw/image/10732/640x480');
INSERT INTO `image` VALUES (67, 6, 'https://travel.tycg.gov.tw/image/10733/640x480');
INSERT INTO `image` VALUES (68, 6, 'https://travel.tycg.gov.tw/image/10734/640x480');
INSERT INTO `image` VALUES (69, 6, 'https://travel.tycg.gov.tw/image/70447/640x480');
INSERT INTO `image` VALUES (70, 6, 'https://travel.tycg.gov.tw/image/70448/640x480');
INSERT INTO `image` VALUES (71, 6, 'https://travel.tycg.gov.tw/image/70449/640x480');
INSERT INTO `image` VALUES (72, 6, 'https://travel.tycg.gov.tw/image/70450/640x480');
INSERT INTO `image` VALUES (73, 6, 'https://travel.tycg.gov.tw/image/70451/640x480');
INSERT INTO `image` VALUES (74, 6, 'https://travel.tycg.gov.tw/image/70452/640x480');
INSERT INTO `image` VALUES (75, 6, 'https://travel.tycg.gov.tw/image/70453/640x480');
INSERT INTO `image` VALUES (76, 7, 'https://travel.tycg.gov.tw/image/3992/640x480');
INSERT INTO `image` VALUES (77, 7, 'https://travel.tycg.gov.tw/image/3993/640x480');
INSERT INTO `image` VALUES (78, 7, 'https://travel.tycg.gov.tw/image/6666/640x480');
INSERT INTO `image` VALUES (79, 7, 'https://travel.tycg.gov.tw/image/6667/640x480');
INSERT INTO `image` VALUES (80, 7, 'https://travel.tycg.gov.tw/image/6668/640x480');
INSERT INTO `image` VALUES (81, 7, 'https://travel.tycg.gov.tw/image/6669/640x480');
INSERT INTO `image` VALUES (82, 7, 'https://travel.tycg.gov.tw/image/6670/640x480');
INSERT INTO `image` VALUES (83, 7, 'https://travel.tycg.gov.tw/image/69984/640x480');
INSERT INTO `image` VALUES (84, 7, 'https://travel.tycg.gov.tw/image/69985/640x480');
INSERT INTO `image` VALUES (85, 7, 'https://travel.tycg.gov.tw/image/69986/640x480');
INSERT INTO `image` VALUES (86, 7, 'https://travel.tycg.gov.tw/image/69988/640x480');
INSERT INTO `image` VALUES (87, 7, 'https://travel.tycg.gov.tw/image/69989/640x480');
INSERT INTO `image` VALUES (88, 7, 'https://travel.tycg.gov.tw/image/72951/640x480');
INSERT INTO `image` VALUES (89, 8, 'https://travel.tycg.gov.tw/image/6555/640x480');
INSERT INTO `image` VALUES (90, 8, 'https://travel.tycg.gov.tw/image/6557/640x480');
INSERT INTO `image` VALUES (91, 8, 'https://travel.tycg.gov.tw/image/13248/640x480');
INSERT INTO `image` VALUES (92, 8, 'https://travel.tycg.gov.tw/image/34287/640x480');
INSERT INTO `image` VALUES (93, 8, 'https://travel.tycg.gov.tw/image/101267/640x480');
INSERT INTO `image` VALUES (94, 8, 'https://travel.tycg.gov.tw/image/101280/640x480');
INSERT INTO `image` VALUES (95, 9, 'https://travel.tycg.gov.tw/image/36290/640x480');
INSERT INTO `image` VALUES (96, 9, 'https://travel.tycg.gov.tw/image/36291/640x480');
INSERT INTO `image` VALUES (97, 9, 'https://travel.tycg.gov.tw/image/36395/640x480');
INSERT INTO `image` VALUES (98, 9, 'https://travel.tycg.gov.tw/image/36396/640x480');
INSERT INTO `image` VALUES (99, 9, 'https://travel.tycg.gov.tw/image/75357/640x480');
INSERT INTO `image` VALUES (100, 9, 'https://travel.tycg.gov.tw/image/75358/640x480');
INSERT INTO `image` VALUES (101, 9, 'https://travel.tycg.gov.tw/image/75359/640x480');
INSERT INTO `image` VALUES (102, 9, 'https://travel.tycg.gov.tw/image/100343/640x480');
INSERT INTO `image` VALUES (103, 10, 'https://travel.tycg.gov.tw/image/10686/640x480');
INSERT INTO `image` VALUES (104, 10, 'https://travel.tycg.gov.tw/image/10690/640x480');
INSERT INTO `image` VALUES (105, 10, 'https://travel.tycg.gov.tw/image/10694/640x480');
INSERT INTO `image` VALUES (106, 10, 'https://travel.tycg.gov.tw/image/80939/640x480');
INSERT INTO `image` VALUES (107, 10, 'https://travel.tycg.gov.tw/image/80941/640x480');
INSERT INTO `image` VALUES (108, 10, 'https://travel.tycg.gov.tw/image/80942/640x480');
INSERT INTO `image` VALUES (109, 10, 'https://travel.tycg.gov.tw/image/80943/640x480');
INSERT INTO `image` VALUES (110, 10, 'https://travel.tycg.gov.tw/image/80944/640x480');
INSERT INTO `image` VALUES (111, 10, 'https://travel.tycg.gov.tw/image/80945/640x480');
INSERT INTO `image` VALUES (112, 11, 'https://travel.tycg.gov.tw/image/75470/640x480');
INSERT INTO `image` VALUES (113, 11, 'https://travel.tycg.gov.tw/image/75471/640x480');
INSERT INTO `image` VALUES (114, 11, 'https://travel.tycg.gov.tw/image/75472/640x480');
INSERT INTO `image` VALUES (115, 11, 'https://travel.tycg.gov.tw/image/75473/640x480');
INSERT INTO `image` VALUES (116, 11, 'https://travel.tycg.gov.tw/image/75474/640x480');
INSERT INTO `image` VALUES (117, 11, 'https://travel.tycg.gov.tw/image/78968/640x480');
INSERT INTO `image` VALUES (118, 11, 'https://travel.tycg.gov.tw/image/78969/640x480');
INSERT INTO `image` VALUES (119, 12, 'https://travel.tycg.gov.tw/image/18271/640x480');
INSERT INTO `image` VALUES (120, 12, 'https://travel.tycg.gov.tw/image/18272/640x480');
INSERT INTO `image` VALUES (121, 12, 'https://travel.tycg.gov.tw/image/18273/640x480');
INSERT INTO `image` VALUES (122, 12, 'https://travel.tycg.gov.tw/image/18274/640x480');
INSERT INTO `image` VALUES (123, 12, 'https://travel.tycg.gov.tw/image/18278/640x480');
INSERT INTO `image` VALUES (124, 12, 'https://travel.tycg.gov.tw/image/18279/640x480');
INSERT INTO `image` VALUES (125, 12, 'https://travel.tycg.gov.tw/image/18280/640x480');
INSERT INTO `image` VALUES (126, 12, 'https://travel.tycg.gov.tw/image/18281/640x480');
INSERT INTO `image` VALUES (127, 12, 'https://travel.tycg.gov.tw/image/18282/640x480');
INSERT INTO `image` VALUES (128, 12, 'https://travel.tycg.gov.tw/image/18283/640x480');
INSERT INTO `image` VALUES (129, 12, 'https://travel.tycg.gov.tw/image/18284/640x480');
INSERT INTO `image` VALUES (130, 12, 'https://travel.tycg.gov.tw/image/18285/640x480');
INSERT INTO `image` VALUES (131, 12, 'https://travel.tycg.gov.tw/image/70500/640x480');
INSERT INTO `image` VALUES (132, 12, 'https://travel.tycg.gov.tw/image/70501/640x480');
INSERT INTO `image` VALUES (133, 12, 'https://travel.tycg.gov.tw/image/70502/640x480');
INSERT INTO `image` VALUES (134, 13, 'https://travel.tycg.gov.tw/image/68415/640x480');
INSERT INTO `image` VALUES (135, 13, 'https://travel.tycg.gov.tw/image/68416/640x480');
INSERT INTO `image` VALUES (136, 13, 'https://travel.tycg.gov.tw/image/68417/640x480');
INSERT INTO `image` VALUES (137, 13, 'https://travel.tycg.gov.tw/image/68419/640x480');
INSERT INTO `image` VALUES (138, 13, 'https://travel.tycg.gov.tw/image/68420/640x480');
INSERT INTO `image` VALUES (139, 13, 'https://travel.tycg.gov.tw/image/68421/640x480');
INSERT INTO `image` VALUES (140, 13, 'https://travel.tycg.gov.tw/image/68422/640x480');
INSERT INTO `image` VALUES (141, 13, 'https://travel.tycg.gov.tw/image/68424/640x480');
INSERT INTO `image` VALUES (142, 13, 'https://travel.tycg.gov.tw/image/68425/640x480');
INSERT INTO `image` VALUES (143, 13, 'https://travel.tycg.gov.tw/image/68426/640x480');
INSERT INTO `image` VALUES (144, 13, 'https://travel.tycg.gov.tw/image/68427/640x480');
INSERT INTO `image` VALUES (145, 13, 'https://travel.tycg.gov.tw/image/68429/640x480');
INSERT INTO `image` VALUES (146, 13, 'https://travel.tycg.gov.tw/image/68430/640x480');
INSERT INTO `image` VALUES (147, 13, 'https://travel.tycg.gov.tw/image/68431/640x480');
INSERT INTO `image` VALUES (148, 13, 'https://travel.tycg.gov.tw/image/68432/640x480');
INSERT INTO `image` VALUES (149, 13, 'https://travel.tycg.gov.tw/image/75194/640x480');
INSERT INTO `image` VALUES (150, 13, 'https://travel.tycg.gov.tw/image/75195/640x480');
INSERT INTO `image` VALUES (151, 13, 'https://travel.tycg.gov.tw/image/81916/640x480');
INSERT INTO `image` VALUES (152, 14, 'https://travel.tycg.gov.tw/image/6637/640x480');
INSERT INTO `image` VALUES (153, 14, 'https://travel.tycg.gov.tw/image/6638/640x480');
INSERT INTO `image` VALUES (154, 14, 'https://travel.tycg.gov.tw/image/6639/640x480');
INSERT INTO `image` VALUES (155, 14, 'https://travel.tycg.gov.tw/image/8438/640x480');
INSERT INTO `image` VALUES (156, 14, 'https://travel.tycg.gov.tw/image/8439/640x480');
INSERT INTO `image` VALUES (157, 14, 'https://travel.tycg.gov.tw/image/8440/640x480');
INSERT INTO `image` VALUES (158, 14, 'https://travel.tycg.gov.tw/image/8442/640x480');
INSERT INTO `image` VALUES (159, 14, 'https://travel.tycg.gov.tw/image/8443/640x480');
INSERT INTO `image` VALUES (160, 14, 'https://travel.tycg.gov.tw/image/13240/640x480');
INSERT INTO `image` VALUES (161, 14, 'https://travel.tycg.gov.tw/image/14549/640x480');
INSERT INTO `image` VALUES (162, 14, 'https://travel.tycg.gov.tw/image/14550/640x480');
INSERT INTO `image` VALUES (163, 14, 'https://travel.tycg.gov.tw/image/14551/640x480');
INSERT INTO `image` VALUES (164, 14, 'https://travel.tycg.gov.tw/image/14553/640x480');
INSERT INTO `image` VALUES (165, 14, 'https://travel.tycg.gov.tw/image/18130/640x480');
INSERT INTO `image` VALUES (166, 14, 'https://travel.tycg.gov.tw/image/18131/640x480');
INSERT INTO `image` VALUES (167, 14, 'https://travel.tycg.gov.tw/image/18132/640x480');
INSERT INTO `image` VALUES (168, 14, 'https://travel.tycg.gov.tw/image/18134/640x480');
INSERT INTO `image` VALUES (169, 14, 'https://travel.tycg.gov.tw/image/18135/640x480');
INSERT INTO `image` VALUES (170, 14, 'https://travel.tycg.gov.tw/image/18136/640x480');
INSERT INTO `image` VALUES (171, 14, 'https://travel.tycg.gov.tw/image/18138/640x480');
INSERT INTO `image` VALUES (172, 14, 'https://travel.tycg.gov.tw/image/18139/640x480');
INSERT INTO `image` VALUES (173, 14, 'https://travel.tycg.gov.tw/image/18143/640x480');
INSERT INTO `image` VALUES (174, 14, 'https://travel.tycg.gov.tw/image/32104/640x480');
INSERT INTO `image` VALUES (175, 14, 'https://travel.tycg.gov.tw/image/32105/640x480');
INSERT INTO `image` VALUES (176, 14, 'https://travel.tycg.gov.tw/image/32106/640x480');
INSERT INTO `image` VALUES (177, 14, 'https://travel.tycg.gov.tw/image/32107/640x480');
INSERT INTO `image` VALUES (178, 14, 'https://travel.tycg.gov.tw/image/32108/640x480');
INSERT INTO `image` VALUES (179, 14, 'https://travel.tycg.gov.tw/image/32304/640x480');
INSERT INTO `image` VALUES (180, 14, 'https://travel.tycg.gov.tw/image/32394/640x480');
INSERT INTO `image` VALUES (181, 15, 'https://travel.tycg.gov.tw/image/6875/640x480');
INSERT INTO `image` VALUES (182, 15, 'https://travel.tycg.gov.tw/image/6876/640x480');
INSERT INTO `image` VALUES (183, 15, 'https://travel.tycg.gov.tw/image/6877/640x480');
INSERT INTO `image` VALUES (184, 15, 'https://travel.tycg.gov.tw/image/6880/640x480');
INSERT INTO `image` VALUES (185, 15, 'https://travel.tycg.gov.tw/image/6881/640x480');
INSERT INTO `image` VALUES (186, 15, 'https://travel.tycg.gov.tw/image/70381/640x480');
INSERT INTO `image` VALUES (187, 15, 'https://travel.tycg.gov.tw/image/70382/640x480');
INSERT INTO `image` VALUES (188, 15, 'https://travel.tycg.gov.tw/image/70383/640x480');
INSERT INTO `image` VALUES (189, 15, 'https://travel.tycg.gov.tw/image/70384/640x480');
INSERT INTO `image` VALUES (190, 15, 'https://travel.tycg.gov.tw/image/70385/640x480');
INSERT INTO `image` VALUES (191, 16, 'https://travel.tycg.gov.tw/image/4001/640x480');
INSERT INTO `image` VALUES (192, 16, 'https://travel.tycg.gov.tw/image/6671/640x480');
INSERT INTO `image` VALUES (193, 16, 'https://travel.tycg.gov.tw/image/6672/640x480');
INSERT INTO `image` VALUES (194, 16, 'https://travel.tycg.gov.tw/image/6673/640x480');
INSERT INTO `image` VALUES (195, 16, 'https://travel.tycg.gov.tw/image/6674/640x480');
INSERT INTO `image` VALUES (196, 16, 'https://travel.tycg.gov.tw/image/6874/640x480');
INSERT INTO `image` VALUES (197, 16, 'https://travel.tycg.gov.tw/image/70367/640x480');
INSERT INTO `image` VALUES (198, 16, 'https://travel.tycg.gov.tw/image/70368/640x480');
INSERT INTO `image` VALUES (199, 17, 'https://travel.tycg.gov.tw/image/6550/640x480');
INSERT INTO `image` VALUES (200, 17, 'https://travel.tycg.gov.tw/image/6551/640x480');
INSERT INTO `image` VALUES (201, 17, 'https://travel.tycg.gov.tw/image/6552/640x480');
INSERT INTO `image` VALUES (202, 17, 'https://travel.tycg.gov.tw/image/6553/640x480');
INSERT INTO `image` VALUES (203, 17, 'https://travel.tycg.gov.tw/image/6554/640x480');
INSERT INTO `image` VALUES (204, 17, 'https://travel.tycg.gov.tw/image/12312/640x480');
INSERT INTO `image` VALUES (205, 17, 'https://travel.tycg.gov.tw/image/34284/640x480');
INSERT INTO `image` VALUES (206, 17, 'https://travel.tycg.gov.tw/image/77168/640x480');
INSERT INTO `image` VALUES (207, 17, 'https://travel.tycg.gov.tw/image/100337/640x480');
INSERT INTO `image` VALUES (208, 18, 'https://travel.tycg.gov.tw/image/3853/640x480');
INSERT INTO `image` VALUES (209, 18, 'https://travel.tycg.gov.tw/image/3854/640x480');
INSERT INTO `image` VALUES (210, 18, 'https://travel.tycg.gov.tw/image/3856/640x480');
INSERT INTO `image` VALUES (211, 18, 'https://travel.tycg.gov.tw/image/3857/640x480');
INSERT INTO `image` VALUES (212, 18, 'https://travel.tycg.gov.tw/image/6539/640x480');
INSERT INTO `image` VALUES (213, 18, 'https://travel.tycg.gov.tw/image/6540/640x480');
INSERT INTO `image` VALUES (214, 18, 'https://travel.tycg.gov.tw/image/6542/640x480');
INSERT INTO `image` VALUES (215, 18, 'https://travel.tycg.gov.tw/image/60098/640x480');
INSERT INTO `image` VALUES (216, 18, 'https://travel.tycg.gov.tw/image/60099/640x480');
INSERT INTO `image` VALUES (217, 18, 'https://travel.tycg.gov.tw/image/60100/640x480');
INSERT INTO `image` VALUES (218, 18, 'https://travel.tycg.gov.tw/image/60101/640x480');
INSERT INTO `image` VALUES (219, 18, 'https://travel.tycg.gov.tw/image/60102/640x480');
INSERT INTO `image` VALUES (220, 18, 'https://travel.tycg.gov.tw/image/60103/640x480');
INSERT INTO `image` VALUES (221, 18, 'https://travel.tycg.gov.tw/image/60104/640x480');
INSERT INTO `image` VALUES (222, 18, 'https://travel.tycg.gov.tw/image/60105/640x480');
INSERT INTO `image` VALUES (223, 18, 'https://travel.tycg.gov.tw/image/60106/640x480');
INSERT INTO `image` VALUES (224, 18, 'https://travel.tycg.gov.tw/image/60107/640x480');
INSERT INTO `image` VALUES (225, 18, 'https://travel.tycg.gov.tw/image/60108/640x480');
INSERT INTO `image` VALUES (226, 18, 'https://travel.tycg.gov.tw/image/60109/640x480');
INSERT INTO `image` VALUES (227, 18, 'https://travel.tycg.gov.tw/image/60110/640x480');
INSERT INTO `image` VALUES (228, 18, 'https://travel.tycg.gov.tw/image/60111/640x480');
INSERT INTO `image` VALUES (229, 18, 'https://travel.tycg.gov.tw/image/60112/640x480');
INSERT INTO `image` VALUES (230, 19, 'https://travel.tycg.gov.tw/image/10848/640x480');
INSERT INTO `image` VALUES (231, 19, 'https://travel.tycg.gov.tw/image/10852/640x480');
INSERT INTO `image` VALUES (232, 19, 'https://travel.tycg.gov.tw/image/10855/640x480');
INSERT INTO `image` VALUES (233, 19, 'https://travel.tycg.gov.tw/image/10856/640x480');
INSERT INTO `image` VALUES (234, 19, 'https://travel.tycg.gov.tw/image/60011/640x480');
INSERT INTO `image` VALUES (235, 19, 'https://travel.tycg.gov.tw/image/60012/640x480');
INSERT INTO `image` VALUES (236, 19, 'https://travel.tycg.gov.tw/image/60013/640x480');
INSERT INTO `image` VALUES (237, 19, 'https://travel.tycg.gov.tw/image/60014/640x480');
INSERT INTO `image` VALUES (238, 19, 'https://travel.tycg.gov.tw/image/60015/640x480');
INSERT INTO `image` VALUES (239, 19, 'https://travel.tycg.gov.tw/image/60016/640x480');
INSERT INTO `image` VALUES (240, 19, 'https://travel.tycg.gov.tw/image/60017/640x480');
INSERT INTO `image` VALUES (241, 19, 'https://travel.tycg.gov.tw/image/60018/640x480');
INSERT INTO `image` VALUES (242, 19, 'https://travel.tycg.gov.tw/image/60019/640x480');
INSERT INTO `image` VALUES (243, 19, 'https://travel.tycg.gov.tw/image/60020/640x480');
INSERT INTO `image` VALUES (244, 19, 'https://travel.tycg.gov.tw/image/60021/640x480');
INSERT INTO `image` VALUES (245, 19, 'https://travel.tycg.gov.tw/image/60022/640x480');
INSERT INTO `image` VALUES (246, 20, 'https://travel.tycg.gov.tw/image/18385/640x480');
INSERT INTO `image` VALUES (247, 20, 'https://travel.tycg.gov.tw/image/18388/640x480');
INSERT INTO `image` VALUES (248, 20, 'https://travel.tycg.gov.tw/image/18389/640x480');
INSERT INTO `image` VALUES (249, 20, 'https://travel.tycg.gov.tw/image/18392/640x480');
INSERT INTO `image` VALUES (250, 20, 'https://travel.tycg.gov.tw/image/72176/640x480');
INSERT INTO `image` VALUES (251, 20, 'https://travel.tycg.gov.tw/image/72177/640x480');
INSERT INTO `image` VALUES (252, 20, 'https://travel.tycg.gov.tw/image/72179/640x480');
INSERT INTO `image` VALUES (253, 20, 'https://travel.tycg.gov.tw/image/72180/640x480');
INSERT INTO `image` VALUES (254, 20, 'https://travel.tycg.gov.tw/image/72181/640x480');
INSERT INTO `image` VALUES (255, 20, 'https://travel.tycg.gov.tw/image/72182/640x480');
INSERT INTO `image` VALUES (256, 20, 'https://travel.tycg.gov.tw/image/72183/640x480');
INSERT INTO `image` VALUES (257, 20, 'https://travel.tycg.gov.tw/image/72184/640x480');
INSERT INTO `image` VALUES (258, 20, 'https://travel.tycg.gov.tw/image/72185/640x480');
INSERT INTO `image` VALUES (259, 20, 'https://travel.tycg.gov.tw/image/72186/640x480');
INSERT INTO `image` VALUES (260, 20, 'https://travel.tycg.gov.tw/image/72187/640x480');
INSERT INTO `image` VALUES (261, 20, 'https://travel.tycg.gov.tw/image/81931/640x480');
INSERT INTO `image` VALUES (262, 21, 'https://travel.tycg.gov.tw/image/10839/640x480');
INSERT INTO `image` VALUES (263, 21, 'https://travel.tycg.gov.tw/image/10843/640x480');
INSERT INTO `image` VALUES (264, 21, 'https://travel.tycg.gov.tw/image/10844/640x480');
INSERT INTO `image` VALUES (265, 21, 'https://travel.tycg.gov.tw/image/72252/640x480');
INSERT INTO `image` VALUES (266, 21, 'https://travel.tycg.gov.tw/image/72253/640x480');
INSERT INTO `image` VALUES (267, 21, 'https://travel.tycg.gov.tw/image/72254/640x480');
INSERT INTO `image` VALUES (268, 21, 'https://travel.tycg.gov.tw/image/72255/640x480');
INSERT INTO `image` VALUES (269, 21, 'https://travel.tycg.gov.tw/image/72256/640x480');
INSERT INTO `image` VALUES (270, 21, 'https://travel.tycg.gov.tw/image/72257/640x480');
INSERT INTO `image` VALUES (271, 21, 'https://travel.tycg.gov.tw/image/72258/640x480');
INSERT INTO `image` VALUES (272, 21, 'https://travel.tycg.gov.tw/image/72259/640x480');
INSERT INTO `image` VALUES (273, 21, 'https://travel.tycg.gov.tw/image/72260/640x480');
INSERT INTO `image` VALUES (274, 21, 'https://travel.tycg.gov.tw/image/72261/640x480');
INSERT INTO `image` VALUES (275, 22, 'https://travel.tycg.gov.tw/image/72221/640x480');
INSERT INTO `image` VALUES (276, 22, 'https://travel.tycg.gov.tw/image/72222/640x480');
INSERT INTO `image` VALUES (277, 22, 'https://travel.tycg.gov.tw/image/72223/640x480');
INSERT INTO `image` VALUES (278, 22, 'https://travel.tycg.gov.tw/image/72224/640x480');
INSERT INTO `image` VALUES (279, 22, 'https://travel.tycg.gov.tw/image/72225/640x480');
INSERT INTO `image` VALUES (280, 22, 'https://travel.tycg.gov.tw/image/72226/640x480');
INSERT INTO `image` VALUES (281, 22, 'https://travel.tycg.gov.tw/image/72227/640x480');
INSERT INTO `image` VALUES (282, 23, 'https://travel.tycg.gov.tw/image/4117/640x480');
INSERT INTO `image` VALUES (283, 23, 'https://travel.tycg.gov.tw/image/6627/640x480');
INSERT INTO `image` VALUES (284, 23, 'https://travel.tycg.gov.tw/image/67366/640x480');
INSERT INTO `image` VALUES (285, 23, 'https://travel.tycg.gov.tw/image/67834/640x480');
INSERT INTO `image` VALUES (286, 23, 'https://travel.tycg.gov.tw/image/67835/640x480');
INSERT INTO `image` VALUES (287, 23, 'https://travel.tycg.gov.tw/image/67836/640x480');
INSERT INTO `image` VALUES (288, 23, 'https://travel.tycg.gov.tw/image/67837/640x480');
INSERT INTO `image` VALUES (289, 23, 'https://travel.tycg.gov.tw/image/67839/640x480');
INSERT INTO `image` VALUES (290, 23, 'https://travel.tycg.gov.tw/image/67840/640x480');
INSERT INTO `image` VALUES (291, 23, 'https://travel.tycg.gov.tw/image/67841/640x480');
INSERT INTO `image` VALUES (292, 23, 'https://travel.tycg.gov.tw/image/67842/640x480');
INSERT INTO `image` VALUES (293, 23, 'https://travel.tycg.gov.tw/image/67843/640x480');
INSERT INTO `image` VALUES (294, 24, 'https://travel.tycg.gov.tw/image/10654/640x480');
INSERT INTO `image` VALUES (295, 24, 'https://travel.tycg.gov.tw/image/10655/640x480');
INSERT INTO `image` VALUES (296, 24, 'https://travel.tycg.gov.tw/image/10658/640x480');
INSERT INTO `image` VALUES (297, 24, 'https://travel.tycg.gov.tw/image/10662/640x480');
INSERT INTO `image` VALUES (298, 24, 'https://travel.tycg.gov.tw/image/10666/640x480');
INSERT INTO `image` VALUES (299, 24, 'https://travel.tycg.gov.tw/image/10667/640x480');
INSERT INTO `image` VALUES (300, 24, 'https://travel.tycg.gov.tw/image/10668/640x480');
INSERT INTO `image` VALUES (301, 24, 'https://travel.tycg.gov.tw/image/13231/640x480');
INSERT INTO `image` VALUES (302, 24, 'https://travel.tycg.gov.tw/image/13235/640x480');
INSERT INTO `image` VALUES (303, 24, 'https://travel.tycg.gov.tw/image/13236/640x480');
INSERT INTO `image` VALUES (304, 24, 'https://travel.tycg.gov.tw/image/13237/640x480');
INSERT INTO `image` VALUES (305, 24, 'https://travel.tycg.gov.tw/image/13238/640x480');
INSERT INTO `image` VALUES (306, 24, 'https://travel.tycg.gov.tw/image/32223/640x480');
INSERT INTO `image` VALUES (307, 24, 'https://travel.tycg.gov.tw/image/32224/640x480');
INSERT INTO `image` VALUES (308, 24, 'https://travel.tycg.gov.tw/image/32226/640x480');
INSERT INTO `image` VALUES (309, 24, 'https://travel.tycg.gov.tw/image/32227/640x480');
INSERT INTO `image` VALUES (310, 24, 'https://travel.tycg.gov.tw/image/32239/640x480');
INSERT INTO `image` VALUES (311, 24, 'https://travel.tycg.gov.tw/image/32290/640x480');
INSERT INTO `image` VALUES (312, 24, 'https://travel.tycg.gov.tw/image/32297/640x480');
INSERT INTO `image` VALUES (313, 24, 'https://travel.tycg.gov.tw/image/32298/640x480');
INSERT INTO `image` VALUES (314, 24, 'https://travel.tycg.gov.tw/image/32299/640x480');
INSERT INTO `image` VALUES (315, 24, 'https://travel.tycg.gov.tw/image/32300/640x480');
INSERT INTO `image` VALUES (316, 24, 'https://travel.tycg.gov.tw/image/100708/640x480');
INSERT INTO `image` VALUES (317, 24, 'https://travel.tycg.gov.tw/image/100709/640x480');
INSERT INTO `image` VALUES (318, 24, 'https://travel.tycg.gov.tw/image/100710/640x480');
INSERT INTO `image` VALUES (319, 25, 'https://travel.tycg.gov.tw/image/18106/640x480');
INSERT INTO `image` VALUES (320, 25, 'https://travel.tycg.gov.tw/image/18107/640x480');
INSERT INTO `image` VALUES (321, 25, 'https://travel.tycg.gov.tw/image/18114/640x480');
INSERT INTO `image` VALUES (322, 25, 'https://travel.tycg.gov.tw/image/18116/640x480');
INSERT INTO `image` VALUES (323, 25, 'https://travel.tycg.gov.tw/image/18117/640x480');
INSERT INTO `image` VALUES (324, 25, 'https://travel.tycg.gov.tw/image/18120/640x480');
INSERT INTO `image` VALUES (325, 25, 'https://travel.tycg.gov.tw/image/18121/640x480');
INSERT INTO `image` VALUES (326, 25, 'https://travel.tycg.gov.tw/image/18122/640x480');
INSERT INTO `image` VALUES (327, 25, 'https://travel.tycg.gov.tw/image/18123/640x480');
INSERT INTO `image` VALUES (328, 25, 'https://travel.tycg.gov.tw/image/18124/640x480');
INSERT INTO `image` VALUES (329, 25, 'https://travel.tycg.gov.tw/image/18125/640x480');
INSERT INTO `image` VALUES (330, 25, 'https://travel.tycg.gov.tw/image/18126/640x480');
INSERT INTO `image` VALUES (331, 25, 'https://travel.tycg.gov.tw/image/18127/640x480');
INSERT INTO `image` VALUES (332, 25, 'https://travel.tycg.gov.tw/image/67651/640x480');
INSERT INTO `image` VALUES (333, 25, 'https://travel.tycg.gov.tw/image/67652/640x480');
INSERT INTO `image` VALUES (334, 25, 'https://travel.tycg.gov.tw/image/67653/640x480');
INSERT INTO `image` VALUES (335, 25, 'https://travel.tycg.gov.tw/image/67654/640x480');
INSERT INTO `image` VALUES (336, 25, 'https://travel.tycg.gov.tw/image/67655/640x480');
INSERT INTO `image` VALUES (337, 25, 'https://travel.tycg.gov.tw/image/67656/640x480');
INSERT INTO `image` VALUES (338, 25, 'https://travel.tycg.gov.tw/image/81104/640x480');
INSERT INTO `image` VALUES (339, 26, 'https://travel.tycg.gov.tw/image/64227/640x480');
INSERT INTO `image` VALUES (340, 26, 'https://travel.tycg.gov.tw/image/64229/640x480');
INSERT INTO `image` VALUES (341, 26, 'https://travel.tycg.gov.tw/image/64230/640x480');
INSERT INTO `image` VALUES (342, 26, 'https://travel.tycg.gov.tw/image/64234/640x480');
INSERT INTO `image` VALUES (343, 26, 'https://travel.tycg.gov.tw/image/64236/640x480');
INSERT INTO `image` VALUES (344, 26, 'https://travel.tycg.gov.tw/image/70570/640x480');
INSERT INTO `image` VALUES (345, 26, 'https://travel.tycg.gov.tw/image/70571/640x480');
INSERT INTO `image` VALUES (346, 26, 'https://travel.tycg.gov.tw/image/70572/640x480');
INSERT INTO `image` VALUES (347, 26, 'https://travel.tycg.gov.tw/image/70573/640x480');
INSERT INTO `image` VALUES (348, 26, 'https://travel.tycg.gov.tw/image/70574/640x480');
INSERT INTO `image` VALUES (349, 26, 'https://travel.tycg.gov.tw/image/70575/640x480');
INSERT INTO `image` VALUES (350, 26, 'https://travel.tycg.gov.tw/image/70576/640x480');
INSERT INTO `image` VALUES (351, 26, 'https://travel.tycg.gov.tw/image/70577/640x480');
INSERT INTO `image` VALUES (352, 26, 'https://travel.tycg.gov.tw/image/70578/640x480');
INSERT INTO `image` VALUES (353, 26, 'https://travel.tycg.gov.tw/image/70579/640x480');
INSERT INTO `image` VALUES (354, 26, 'https://travel.tycg.gov.tw/image/70580/640x480');
INSERT INTO `image` VALUES (355, 26, 'https://travel.tycg.gov.tw/image/70581/640x480');
INSERT INTO `image` VALUES (356, 26, 'https://travel.tycg.gov.tw/image/77178/640x480');
INSERT INTO `image` VALUES (357, 26, 'https://travel.tycg.gov.tw/image/77179/640x480');
INSERT INTO `image` VALUES (358, 26, 'https://travel.tycg.gov.tw/image/77180/640x480');
INSERT INTO `image` VALUES (359, 26, 'https://travel.tycg.gov.tw/image/78141/640x480');
INSERT INTO `image` VALUES (360, 26, 'https://travel.tycg.gov.tw/image/78604/640x480');
INSERT INTO `image` VALUES (361, 26, 'https://travel.tycg.gov.tw/image/78954/640x480');
INSERT INTO `image` VALUES (362, 27, 'https://travel.tycg.gov.tw/image/18408/640x480');
INSERT INTO `image` VALUES (363, 27, 'https://travel.tycg.gov.tw/image/18418/640x480');
INSERT INTO `image` VALUES (364, 27, 'https://travel.tycg.gov.tw/image/18419/640x480');
INSERT INTO `image` VALUES (365, 27, 'https://travel.tycg.gov.tw/image/68102/640x480');
INSERT INTO `image` VALUES (366, 27, 'https://travel.tycg.gov.tw/image/68103/640x480');
INSERT INTO `image` VALUES (367, 27, 'https://travel.tycg.gov.tw/image/68104/640x480');
INSERT INTO `image` VALUES (368, 27, 'https://travel.tycg.gov.tw/image/68105/640x480');
INSERT INTO `image` VALUES (369, 27, 'https://travel.tycg.gov.tw/image/68106/640x480');
INSERT INTO `image` VALUES (370, 27, 'https://travel.tycg.gov.tw/image/68107/640x480');
INSERT INTO `image` VALUES (371, 27, 'https://travel.tycg.gov.tw/image/68108/640x480');
INSERT INTO `image` VALUES (372, 27, 'https://travel.tycg.gov.tw/image/68109/640x480');
INSERT INTO `image` VALUES (373, 27, 'https://travel.tycg.gov.tw/image/68110/640x480');
INSERT INTO `image` VALUES (374, 27, 'https://travel.tycg.gov.tw/image/68111/640x480');
INSERT INTO `image` VALUES (375, 28, 'https://travel.tycg.gov.tw/image/47441/640x480');
INSERT INTO `image` VALUES (376, 28, 'https://travel.tycg.gov.tw/image/47445/640x480');
INSERT INTO `image` VALUES (377, 28, 'https://travel.tycg.gov.tw/image/47446/640x480');
INSERT INTO `image` VALUES (378, 28, 'https://travel.tycg.gov.tw/image/47448/640x480');
INSERT INTO `image` VALUES (379, 28, 'https://travel.tycg.gov.tw/image/47449/640x480');
INSERT INTO `image` VALUES (380, 28, 'https://travel.tycg.gov.tw/image/47450/640x480');
INSERT INTO `image` VALUES (381, 28, 'https://travel.tycg.gov.tw/image/47451/640x480');
INSERT INTO `image` VALUES (382, 28, 'https://travel.tycg.gov.tw/image/47456/640x480');
INSERT INTO `image` VALUES (383, 28, 'https://travel.tycg.gov.tw/image/47457/640x480');
INSERT INTO `image` VALUES (384, 28, 'https://travel.tycg.gov.tw/image/47458/640x480');
INSERT INTO `image` VALUES (385, 28, 'https://travel.tycg.gov.tw/image/47460/640x480');
INSERT INTO `image` VALUES (386, 28, 'https://travel.tycg.gov.tw/image/47461/640x480');
INSERT INTO `image` VALUES (387, 28, 'https://travel.tycg.gov.tw/image/47462/640x480');
INSERT INTO `image` VALUES (388, 28, 'https://travel.tycg.gov.tw/image/47465/640x480');
INSERT INTO `image` VALUES (389, 28, 'https://travel.tycg.gov.tw/image/47466/640x480');
INSERT INTO `image` VALUES (390, 28, 'https://travel.tycg.gov.tw/image/64350/640x480');
INSERT INTO `image` VALUES (391, 28, 'https://travel.tycg.gov.tw/image/64351/640x480');
INSERT INTO `image` VALUES (392, 29, 'https://travel.tycg.gov.tw/image/64004/640x480');
INSERT INTO `image` VALUES (393, 29, 'https://travel.tycg.gov.tw/image/64005/640x480');
INSERT INTO `image` VALUES (394, 29, 'https://travel.tycg.gov.tw/image/64006/640x480');
INSERT INTO `image` VALUES (395, 29, 'https://travel.tycg.gov.tw/image/64007/640x480');
INSERT INTO `image` VALUES (396, 29, 'https://travel.tycg.gov.tw/image/64008/640x480');
INSERT INTO `image` VALUES (397, 29, 'https://travel.tycg.gov.tw/image/64009/640x480');
INSERT INTO `image` VALUES (398, 29, 'https://travel.tycg.gov.tw/image/64010/640x480');
INSERT INTO `image` VALUES (399, 29, 'https://travel.tycg.gov.tw/image/64011/640x480');
INSERT INTO `image` VALUES (400, 29, 'https://travel.tycg.gov.tw/image/64012/640x480');
INSERT INTO `image` VALUES (401, 29, 'https://travel.tycg.gov.tw/image/64013/640x480');
INSERT INTO `image` VALUES (402, 29, 'https://travel.tycg.gov.tw/image/74007/640x480');
INSERT INTO `image` VALUES (403, 29, 'https://travel.tycg.gov.tw/image/74008/640x480');
INSERT INTO `image` VALUES (404, 30, 'https://travel.tycg.gov.tw/image/6839/640x480');
INSERT INTO `image` VALUES (405, 30, 'https://travel.tycg.gov.tw/image/6842/640x480');
INSERT INTO `image` VALUES (406, 30, 'https://travel.tycg.gov.tw/image/24792/640x480');
INSERT INTO `image` VALUES (407, 30, 'https://travel.tycg.gov.tw/image/24793/640x480');
INSERT INTO `image` VALUES (408, 30, 'https://travel.tycg.gov.tw/image/64558/640x480');
INSERT INTO `image` VALUES (409, 30, 'https://travel.tycg.gov.tw/image/64588/640x480');
INSERT INTO `image` VALUES (410, 30, 'https://travel.tycg.gov.tw/image/77169/640x480');
INSERT INTO `image` VALUES (411, 30, 'https://travel.tycg.gov.tw/image/77170/640x480');
INSERT INTO `image` VALUES (412, 31, 'https://travel.tycg.gov.tw/image/10575/640x480');
INSERT INTO `image` VALUES (413, 31, 'https://travel.tycg.gov.tw/image/10576/640x480');
INSERT INTO `image` VALUES (414, 31, 'https://travel.tycg.gov.tw/image/10578/640x480');
INSERT INTO `image` VALUES (415, 31, 'https://travel.tycg.gov.tw/image/70877/640x480');
INSERT INTO `image` VALUES (416, 31, 'https://travel.tycg.gov.tw/image/70878/640x480');
INSERT INTO `image` VALUES (417, 31, 'https://travel.tycg.gov.tw/image/70879/640x480');
INSERT INTO `image` VALUES (418, 31, 'https://travel.tycg.gov.tw/image/96585/640x480');
INSERT INTO `image` VALUES (419, 31, 'https://travel.tycg.gov.tw/image/96586/640x480');
INSERT INTO `image` VALUES (420, 31, 'https://travel.tycg.gov.tw/image/96587/640x480');
INSERT INTO `image` VALUES (421, 32, 'https://travel.tycg.gov.tw/image/65101/640x480');
INSERT INTO `image` VALUES (422, 32, 'https://travel.tycg.gov.tw/image/65194/640x480');
INSERT INTO `image` VALUES (423, 32, 'https://travel.tycg.gov.tw/image/65195/640x480');
INSERT INTO `image` VALUES (424, 32, 'https://travel.tycg.gov.tw/image/65196/640x480');
INSERT INTO `image` VALUES (425, 32, 'https://travel.tycg.gov.tw/image/65197/640x480');
INSERT INTO `image` VALUES (426, 32, 'https://travel.tycg.gov.tw/image/65198/640x480');
INSERT INTO `image` VALUES (427, 32, 'https://travel.tycg.gov.tw/image/65199/640x480');
INSERT INTO `image` VALUES (428, 32, 'https://travel.tycg.gov.tw/image/65200/640x480');
INSERT INTO `image` VALUES (429, 32, 'https://travel.tycg.gov.tw/image/65201/640x480');
INSERT INTO `image` VALUES (430, 32, 'https://travel.tycg.gov.tw/image/65202/640x480');
INSERT INTO `image` VALUES (431, 32, 'https://travel.tycg.gov.tw/image/65203/640x480');
INSERT INTO `image` VALUES (432, 33, 'https://travel.tycg.gov.tw/image/10715/640x480');
INSERT INTO `image` VALUES (433, 33, 'https://travel.tycg.gov.tw/image/10718/640x480');
INSERT INTO `image` VALUES (434, 33, 'https://travel.tycg.gov.tw/image/10719/640x480');
INSERT INTO `image` VALUES (435, 33, 'https://travel.tycg.gov.tw/image/10720/640x480');
INSERT INTO `image` VALUES (436, 33, 'https://travel.tycg.gov.tw/image/67760/640x480');
INSERT INTO `image` VALUES (437, 33, 'https://travel.tycg.gov.tw/image/67761/640x480');
INSERT INTO `image` VALUES (438, 33, 'https://travel.tycg.gov.tw/image/67762/640x480');
INSERT INTO `image` VALUES (439, 33, 'https://travel.tycg.gov.tw/image/67763/640x480');
INSERT INTO `image` VALUES (440, 33, 'https://travel.tycg.gov.tw/image/67764/640x480');
INSERT INTO `image` VALUES (441, 33, 'https://travel.tycg.gov.tw/image/67766/640x480');
INSERT INTO `image` VALUES (442, 34, 'https://travel.tycg.gov.tw/image/8385/640x480');
INSERT INTO `image` VALUES (443, 34, 'https://travel.tycg.gov.tw/image/18675/640x480');
INSERT INTO `image` VALUES (444, 34, 'https://travel.tycg.gov.tw/image/18676/640x480');
INSERT INTO `image` VALUES (445, 34, 'https://travel.tycg.gov.tw/image/18677/640x480');
INSERT INTO `image` VALUES (446, 34, 'https://travel.tycg.gov.tw/image/18679/640x480');
INSERT INTO `image` VALUES (447, 34, 'https://travel.tycg.gov.tw/image/18680/640x480');
INSERT INTO `image` VALUES (448, 34, 'https://travel.tycg.gov.tw/image/18681/640x480');
INSERT INTO `image` VALUES (449, 34, 'https://travel.tycg.gov.tw/image/18682/640x480');
INSERT INTO `image` VALUES (450, 34, 'https://travel.tycg.gov.tw/image/18683/640x480');
INSERT INTO `image` VALUES (451, 34, 'https://travel.tycg.gov.tw/image/18684/640x480');
INSERT INTO `image` VALUES (452, 34, 'https://travel.tycg.gov.tw/image/18685/640x480');
INSERT INTO `image` VALUES (453, 34, 'https://travel.tycg.gov.tw/image/18686/640x480');
INSERT INTO `image` VALUES (454, 34, 'https://travel.tycg.gov.tw/image/18687/640x480');
INSERT INTO `image` VALUES (455, 34, 'https://travel.tycg.gov.tw/image/18688/640x480');
INSERT INTO `image` VALUES (456, 34, 'https://travel.tycg.gov.tw/image/18689/640x480');
INSERT INTO `image` VALUES (457, 34, 'https://travel.tycg.gov.tw/image/18690/640x480');
INSERT INTO `image` VALUES (458, 34, 'https://travel.tycg.gov.tw/image/18691/640x480');
INSERT INTO `image` VALUES (459, 34, 'https://travel.tycg.gov.tw/image/18692/640x480');
INSERT INTO `image` VALUES (460, 34, 'https://travel.tycg.gov.tw/image/21046/640x480');
INSERT INTO `image` VALUES (461, 34, 'https://travel.tycg.gov.tw/image/34120/640x480');
INSERT INTO `image` VALUES (462, 35, 'https://travel.tycg.gov.tw/image/49369/640x480');
INSERT INTO `image` VALUES (463, 35, 'https://travel.tycg.gov.tw/image/49377/640x480');
INSERT INTO `image` VALUES (464, 35, 'https://travel.tycg.gov.tw/image/49380/640x480');
INSERT INTO `image` VALUES (465, 35, 'https://travel.tycg.gov.tw/image/49383/640x480');
INSERT INTO `image` VALUES (466, 35, 'https://travel.tycg.gov.tw/image/49384/640x480');
INSERT INTO `image` VALUES (467, 35, 'https://travel.tycg.gov.tw/image/49393/640x480');
INSERT INTO `image` VALUES (468, 35, 'https://travel.tycg.gov.tw/image/49396/640x480');
INSERT INTO `image` VALUES (469, 35, 'https://travel.tycg.gov.tw/image/49404/640x480');
INSERT INTO `image` VALUES (470, 35, 'https://travel.tycg.gov.tw/image/49406/640x480');
INSERT INTO `image` VALUES (471, 35, 'https://travel.tycg.gov.tw/image/50899/640x480');
INSERT INTO `image` VALUES (472, 35, 'https://travel.tycg.gov.tw/image/50900/640x480');
INSERT INTO `image` VALUES (473, 35, 'https://travel.tycg.gov.tw/image/50901/640x480');
INSERT INTO `image` VALUES (474, 35, 'https://travel.tycg.gov.tw/image/50902/640x480');
INSERT INTO `image` VALUES (475, 35, 'https://travel.tycg.gov.tw/image/50903/640x480');
INSERT INTO `image` VALUES (476, 36, 'https://travel.tycg.gov.tw/image/6685/640x480');
INSERT INTO `image` VALUES (477, 36, 'https://travel.tycg.gov.tw/image/72166/640x480');
INSERT INTO `image` VALUES (478, 36, 'https://travel.tycg.gov.tw/image/72167/640x480');
INSERT INTO `image` VALUES (479, 36, 'https://travel.tycg.gov.tw/image/72168/640x480');
INSERT INTO `image` VALUES (480, 36, 'https://travel.tycg.gov.tw/image/72169/640x480');
INSERT INTO `image` VALUES (481, 36, 'https://travel.tycg.gov.tw/image/72170/640x480');
INSERT INTO `image` VALUES (482, 36, 'https://travel.tycg.gov.tw/image/72171/640x480');
INSERT INTO `image` VALUES (483, 36, 'https://travel.tycg.gov.tw/image/72172/640x480');
INSERT INTO `image` VALUES (484, 36, 'https://travel.tycg.gov.tw/image/72173/640x480');
INSERT INTO `image` VALUES (485, 36, 'https://travel.tycg.gov.tw/image/72174/640x480');
INSERT INTO `image` VALUES (486, 36, 'https://travel.tycg.gov.tw/image/72175/640x480');
INSERT INTO `image` VALUES (487, 36, 'https://travel.tycg.gov.tw/image/77374/640x480');
INSERT INTO `image` VALUES (488, 36, 'https://travel.tycg.gov.tw/image/78144/640x480');
INSERT INTO `image` VALUES (489, 36, 'https://travel.tycg.gov.tw/image/78145/640x480');
INSERT INTO `image` VALUES (490, 37, 'https://travel.tycg.gov.tw/image/77375/640x480');
INSERT INTO `image` VALUES (491, 37, 'https://travel.tycg.gov.tw/image/77376/640x480');
INSERT INTO `image` VALUES (492, 37, 'https://travel.tycg.gov.tw/image/77377/640x480');
INSERT INTO `image` VALUES (493, 37, 'https://travel.tycg.gov.tw/image/78114/640x480');
INSERT INTO `image` VALUES (494, 37, 'https://travel.tycg.gov.tw/image/78118/640x480');
INSERT INTO `image` VALUES (495, 37, 'https://travel.tycg.gov.tw/image/80477/640x480');
INSERT INTO `image` VALUES (496, 37, 'https://travel.tycg.gov.tw/image/80478/640x480');
INSERT INTO `image` VALUES (497, 37, 'https://travel.tycg.gov.tw/image/80479/640x480');
INSERT INTO `image` VALUES (498, 37, 'https://travel.tycg.gov.tw/image/80480/640x480');
INSERT INTO `image` VALUES (499, 37, 'https://travel.tycg.gov.tw/image/82974/640x480');
INSERT INTO `image` VALUES (500, 37, 'https://travel.tycg.gov.tw/image/82975/640x480');
INSERT INTO `image` VALUES (501, 37, 'https://travel.tycg.gov.tw/image/82976/640x480');
INSERT INTO `image` VALUES (502, 37, 'https://travel.tycg.gov.tw/image/82978/640x480');
INSERT INTO `image` VALUES (503, 37, 'https://travel.tycg.gov.tw/image/82979/640x480');
INSERT INTO `image` VALUES (504, 37, 'https://travel.tycg.gov.tw/image/82980/640x480');
INSERT INTO `image` VALUES (505, 37, 'https://travel.tycg.gov.tw/image/82982/640x480');
INSERT INTO `image` VALUES (506, 37, 'https://travel.tycg.gov.tw/image/82983/640x480');
INSERT INTO `image` VALUES (507, 38, 'https://travel.tycg.gov.tw/image/21111/640x480');
INSERT INTO `image` VALUES (508, 38, 'https://travel.tycg.gov.tw/image/21112/640x480');
INSERT INTO `image` VALUES (509, 38, 'https://travel.tycg.gov.tw/image/21113/640x480');
INSERT INTO `image` VALUES (510, 38, 'https://travel.tycg.gov.tw/image/21114/640x480');
INSERT INTO `image` VALUES (511, 39, 'https://travel.tycg.gov.tw/image/21633/640x480');
INSERT INTO `image` VALUES (512, 39, 'https://travel.tycg.gov.tw/image/21634/640x480');
INSERT INTO `image` VALUES (513, 39, 'https://travel.tycg.gov.tw/image/21635/640x480');
INSERT INTO `image` VALUES (514, 39, 'https://travel.tycg.gov.tw/image/21636/640x480');
INSERT INTO `image` VALUES (515, 39, 'https://travel.tycg.gov.tw/image/21637/640x480');
INSERT INTO `image` VALUES (516, 40, 'https://travel.tycg.gov.tw/image/59866/640x480');
INSERT INTO `image` VALUES (517, 40, 'https://travel.tycg.gov.tw/image/59867/640x480');
INSERT INTO `image` VALUES (518, 40, 'https://travel.tycg.gov.tw/image/59869/640x480');
INSERT INTO `image` VALUES (519, 40, 'https://travel.tycg.gov.tw/image/59871/640x480');
INSERT INTO `image` VALUES (520, 40, 'https://travel.tycg.gov.tw/image/59873/640x480');
INSERT INTO `image` VALUES (521, 40, 'https://travel.tycg.gov.tw/image/59874/640x480');
INSERT INTO `image` VALUES (522, 40, 'https://travel.tycg.gov.tw/image/59875/640x480');
INSERT INTO `image` VALUES (523, 40, 'https://travel.tycg.gov.tw/image/59876/640x480');
INSERT INTO `image` VALUES (524, 40, 'https://travel.tycg.gov.tw/image/59877/640x480');
INSERT INTO `image` VALUES (525, 40, 'https://travel.tycg.gov.tw/image/59879/640x480');
INSERT INTO `image` VALUES (526, 40, 'https://travel.tycg.gov.tw/image/59880/640x480');
INSERT INTO `image` VALUES (527, 40, 'https://travel.tycg.gov.tw/image/59881/640x480');
INSERT INTO `image` VALUES (528, 40, 'https://travel.tycg.gov.tw/image/59882/640x480');
INSERT INTO `image` VALUES (529, 40, 'https://travel.tycg.gov.tw/image/59884/640x480');
INSERT INTO `image` VALUES (530, 40, 'https://travel.tycg.gov.tw/image/59885/640x480');
INSERT INTO `image` VALUES (531, 40, 'https://travel.tycg.gov.tw/image/59886/640x480');
INSERT INTO `image` VALUES (532, 40, 'https://travel.tycg.gov.tw/image/59887/640x480');
INSERT INTO `image` VALUES (533, 40, 'https://travel.tycg.gov.tw/image/101307/640x480');
INSERT INTO `image` VALUES (534, 40, 'https://travel.tycg.gov.tw/image/101308/640x480');
INSERT INTO `image` VALUES (535, 40, 'https://travel.tycg.gov.tw/image/101309/640x480');
INSERT INTO `image` VALUES (536, 40, 'https://travel.tycg.gov.tw/image/101310/640x480');
INSERT INTO `image` VALUES (537, 40, 'https://travel.tycg.gov.tw/image/101311/640x480');
INSERT INTO `image` VALUES (538, 40, 'https://travel.tycg.gov.tw/image/101312/640x480');
INSERT INTO `image` VALUES (539, 40, 'https://travel.tycg.gov.tw/image/101313/640x480');
INSERT INTO `image` VALUES (540, 40, 'https://travel.tycg.gov.tw/image/101314/640x480');
INSERT INTO `image` VALUES (541, 41, 'https://travel.tycg.gov.tw/image/4025/640x480');
INSERT INTO `image` VALUES (542, 41, 'https://travel.tycg.gov.tw/image/4026/640x480');
INSERT INTO `image` VALUES (543, 41, 'https://travel.tycg.gov.tw/image/4027/640x480');
INSERT INTO `image` VALUES (544, 41, 'https://travel.tycg.gov.tw/image/4028/640x480');
INSERT INTO `image` VALUES (545, 42, 'https://travel.tycg.gov.tw/image/62789/640x480');
INSERT INTO `image` VALUES (546, 42, 'https://travel.tycg.gov.tw/image/62793/640x480');
INSERT INTO `image` VALUES (547, 42, 'https://travel.tycg.gov.tw/image/62795/640x480');
INSERT INTO `image` VALUES (548, 42, 'https://travel.tycg.gov.tw/image/62797/640x480');
INSERT INTO `image` VALUES (549, 42, 'https://travel.tycg.gov.tw/image/101127/640x480');
INSERT INTO `image` VALUES (550, 42, 'https://travel.tycg.gov.tw/image/101128/640x480');
INSERT INTO `image` VALUES (551, 42, 'https://travel.tycg.gov.tw/image/101129/640x480');
INSERT INTO `image` VALUES (552, 42, 'https://travel.tycg.gov.tw/image/101130/640x480');
INSERT INTO `image` VALUES (553, 42, 'https://travel.tycg.gov.tw/image/101131/640x480');
INSERT INTO `image` VALUES (554, 42, 'https://travel.tycg.gov.tw/image/101132/640x480');
INSERT INTO `image` VALUES (555, 42, 'https://travel.tycg.gov.tw/image/101133/640x480');
INSERT INTO `image` VALUES (556, 43, 'https://travel.tycg.gov.tw/image/10608/640x480');
INSERT INTO `image` VALUES (557, 43, 'https://travel.tycg.gov.tw/image/10609/640x480');
INSERT INTO `image` VALUES (558, 43, 'https://travel.tycg.gov.tw/image/10611/640x480');
INSERT INTO `image` VALUES (559, 43, 'https://travel.tycg.gov.tw/image/32295/640x480');
INSERT INTO `image` VALUES (560, 43, 'https://travel.tycg.gov.tw/image/60077/640x480');
INSERT INTO `image` VALUES (561, 43, 'https://travel.tycg.gov.tw/image/60078/640x480');
INSERT INTO `image` VALUES (562, 43, 'https://travel.tycg.gov.tw/image/60079/640x480');
INSERT INTO `image` VALUES (563, 43, 'https://travel.tycg.gov.tw/image/60080/640x480');
INSERT INTO `image` VALUES (564, 43, 'https://travel.tycg.gov.tw/image/60081/640x480');
INSERT INTO `image` VALUES (565, 43, 'https://travel.tycg.gov.tw/image/60082/640x480');
INSERT INTO `image` VALUES (566, 43, 'https://travel.tycg.gov.tw/image/60083/640x480');
INSERT INTO `image` VALUES (567, 43, 'https://travel.tycg.gov.tw/image/60084/640x480');
INSERT INTO `image` VALUES (568, 43, 'https://travel.tycg.gov.tw/image/60085/640x480');
INSERT INTO `image` VALUES (569, 43, 'https://travel.tycg.gov.tw/image/60086/640x480');
INSERT INTO `image` VALUES (570, 43, 'https://travel.tycg.gov.tw/image/60087/640x480');
INSERT INTO `image` VALUES (571, 43, 'https://travel.tycg.gov.tw/image/60088/640x480');
INSERT INTO `image` VALUES (572, 43, 'https://travel.tycg.gov.tw/image/100191/640x480');
INSERT INTO `image` VALUES (573, 43, 'https://travel.tycg.gov.tw/image/100192/640x480');
INSERT INTO `image` VALUES (574, 44, 'https://travel.tycg.gov.tw/image/3815/640x480');
INSERT INTO `image` VALUES (575, 44, 'https://travel.tycg.gov.tw/image/3818/640x480');
INSERT INTO `image` VALUES (576, 44, 'https://travel.tycg.gov.tw/image/19495/640x480');
INSERT INTO `image` VALUES (577, 44, 'https://travel.tycg.gov.tw/image/19496/640x480');
INSERT INTO `image` VALUES (578, 44, 'https://travel.tycg.gov.tw/image/19497/640x480');
INSERT INTO `image` VALUES (579, 44, 'https://travel.tycg.gov.tw/image/19506/640x480');
INSERT INTO `image` VALUES (580, 44, 'https://travel.tycg.gov.tw/image/19507/640x480');
INSERT INTO `image` VALUES (581, 44, 'https://travel.tycg.gov.tw/image/19508/640x480');
INSERT INTO `image` VALUES (582, 44, 'https://travel.tycg.gov.tw/image/19509/640x480');
INSERT INTO `image` VALUES (583, 44, 'https://travel.tycg.gov.tw/image/19510/640x480');
INSERT INTO `image` VALUES (584, 44, 'https://travel.tycg.gov.tw/image/19511/640x480');
INSERT INTO `image` VALUES (585, 44, 'https://travel.tycg.gov.tw/image/19512/640x480');
INSERT INTO `image` VALUES (586, 44, 'https://travel.tycg.gov.tw/image/41374/640x480');
INSERT INTO `image` VALUES (587, 44, 'https://travel.tycg.gov.tw/image/69234/640x480');
INSERT INTO `image` VALUES (588, 44, 'https://travel.tycg.gov.tw/image/69235/640x480');
INSERT INTO `image` VALUES (589, 44, 'https://travel.tycg.gov.tw/image/69236/640x480');
INSERT INTO `image` VALUES (590, 44, 'https://travel.tycg.gov.tw/image/69237/640x480');
INSERT INTO `image` VALUES (591, 44, 'https://travel.tycg.gov.tw/image/69238/640x480');
INSERT INTO `image` VALUES (592, 44, 'https://travel.tycg.gov.tw/image/69239/640x480');
INSERT INTO `image` VALUES (593, 44, 'https://travel.tycg.gov.tw/image/69240/640x480');
INSERT INTO `image` VALUES (594, 44, 'https://travel.tycg.gov.tw/image/69241/640x480');
INSERT INTO `image` VALUES (595, 44, 'https://travel.tycg.gov.tw/image/69242/640x480');
INSERT INTO `image` VALUES (596, 44, 'https://travel.tycg.gov.tw/image/69243/640x480');
INSERT INTO `image` VALUES (597, 45, 'https://travel.tycg.gov.tw/image/4021/640x480');
INSERT INTO `image` VALUES (598, 45, 'https://travel.tycg.gov.tw/image/4022/640x480');
INSERT INTO `image` VALUES (599, 45, 'https://travel.tycg.gov.tw/image/4023/640x480');
INSERT INTO `image` VALUES (600, 45, 'https://travel.tycg.gov.tw/image/18300/640x480');
INSERT INTO `image` VALUES (601, 45, 'https://travel.tycg.gov.tw/image/18301/640x480');
INSERT INTO `image` VALUES (602, 45, 'https://travel.tycg.gov.tw/image/18302/640x480');
INSERT INTO `image` VALUES (603, 45, 'https://travel.tycg.gov.tw/image/18304/640x480');
INSERT INTO `image` VALUES (604, 45, 'https://travel.tycg.gov.tw/image/18306/640x480');
INSERT INTO `image` VALUES (605, 45, 'https://travel.tycg.gov.tw/image/18308/640x480');
INSERT INTO `image` VALUES (606, 45, 'https://travel.tycg.gov.tw/image/18309/640x480');
INSERT INTO `image` VALUES (607, 45, 'https://travel.tycg.gov.tw/image/18310/640x480');
INSERT INTO `image` VALUES (608, 45, 'https://travel.tycg.gov.tw/image/18312/640x480');
INSERT INTO `image` VALUES (609, 45, 'https://travel.tycg.gov.tw/image/18313/640x480');
INSERT INTO `image` VALUES (610, 45, 'https://travel.tycg.gov.tw/image/18316/640x480');
INSERT INTO `image` VALUES (611, 45, 'https://travel.tycg.gov.tw/image/67619/640x480');
INSERT INTO `image` VALUES (612, 45, 'https://travel.tycg.gov.tw/image/67620/640x480');
INSERT INTO `image` VALUES (613, 45, 'https://travel.tycg.gov.tw/image/67621/640x480');
INSERT INTO `image` VALUES (614, 45, 'https://travel.tycg.gov.tw/image/67622/640x480');
INSERT INTO `image` VALUES (615, 45, 'https://travel.tycg.gov.tw/image/67623/640x480');
INSERT INTO `image` VALUES (616, 45, 'https://travel.tycg.gov.tw/image/67624/640x480');
INSERT INTO `image` VALUES (617, 46, 'https://travel.tycg.gov.tw/image/18970/640x480');
INSERT INTO `image` VALUES (618, 46, 'https://travel.tycg.gov.tw/image/18971/640x480');
INSERT INTO `image` VALUES (619, 46, 'https://travel.tycg.gov.tw/image/18972/640x480');
INSERT INTO `image` VALUES (620, 46, 'https://travel.tycg.gov.tw/image/18973/640x480');
INSERT INTO `image` VALUES (621, 46, 'https://travel.tycg.gov.tw/image/18974/640x480');
INSERT INTO `image` VALUES (622, 46, 'https://travel.tycg.gov.tw/image/18975/640x480');
INSERT INTO `image` VALUES (623, 46, 'https://travel.tycg.gov.tw/image/18976/640x480');
INSERT INTO `image` VALUES (624, 46, 'https://travel.tycg.gov.tw/image/18977/640x480');
INSERT INTO `image` VALUES (625, 46, 'https://travel.tycg.gov.tw/image/18979/640x480');
INSERT INTO `image` VALUES (626, 46, 'https://travel.tycg.gov.tw/image/18981/640x480');
INSERT INTO `image` VALUES (627, 46, 'https://travel.tycg.gov.tw/image/18983/640x480');
INSERT INTO `image` VALUES (628, 46, 'https://travel.tycg.gov.tw/image/18984/640x480');
INSERT INTO `image` VALUES (629, 47, 'https://travel.tycg.gov.tw/image/60115/640x480');
INSERT INTO `image` VALUES (630, 47, 'https://travel.tycg.gov.tw/image/60116/640x480');
INSERT INTO `image` VALUES (631, 47, 'https://travel.tycg.gov.tw/image/60117/640x480');
INSERT INTO `image` VALUES (632, 47, 'https://travel.tycg.gov.tw/image/60118/640x480');
INSERT INTO `image` VALUES (633, 47, 'https://travel.tycg.gov.tw/image/60119/640x480');
INSERT INTO `image` VALUES (634, 47, 'https://travel.tycg.gov.tw/image/60120/640x480');
INSERT INTO `image` VALUES (635, 47, 'https://travel.tycg.gov.tw/image/60121/640x480');
INSERT INTO `image` VALUES (636, 47, 'https://travel.tycg.gov.tw/image/60122/640x480');
INSERT INTO `image` VALUES (637, 47, 'https://travel.tycg.gov.tw/image/60123/640x480');
INSERT INTO `image` VALUES (638, 47, 'https://travel.tycg.gov.tw/image/60124/640x480');
INSERT INTO `image` VALUES (639, 47, 'https://travel.tycg.gov.tw/image/60125/640x480');
INSERT INTO `image` VALUES (640, 47, 'https://travel.tycg.gov.tw/image/60126/640x480');
INSERT INTO `image` VALUES (641, 47, 'https://travel.tycg.gov.tw/image/60127/640x480');
INSERT INTO `image` VALUES (642, 47, 'https://travel.tycg.gov.tw/image/60128/640x480');
INSERT INTO `image` VALUES (643, 47, 'https://travel.tycg.gov.tw/image/60129/640x480');
INSERT INTO `image` VALUES (644, 47, 'https://travel.tycg.gov.tw/image/60130/640x480');
INSERT INTO `image` VALUES (645, 47, 'https://travel.tycg.gov.tw/image/60131/640x480');
INSERT INTO `image` VALUES (646, 47, 'https://travel.tycg.gov.tw/image/60132/640x480');
INSERT INTO `image` VALUES (647, 47, 'https://travel.tycg.gov.tw/image/60133/640x480');
INSERT INTO `image` VALUES (648, 47, 'https://travel.tycg.gov.tw/image/60134/640x480');
INSERT INTO `image` VALUES (649, 47, 'https://travel.tycg.gov.tw/image/60135/640x480');
INSERT INTO `image` VALUES (650, 47, 'https://travel.tycg.gov.tw/image/60136/640x480');
INSERT INTO `image` VALUES (651, 47, 'https://travel.tycg.gov.tw/image/100047/640x480');
INSERT INTO `image` VALUES (652, 47, 'https://travel.tycg.gov.tw/image/100048/640x480');
INSERT INTO `image` VALUES (653, 48, 'https://travel.tycg.gov.tw/image/18939/640x480');
INSERT INTO `image` VALUES (654, 48, 'https://travel.tycg.gov.tw/image/18940/640x480');
INSERT INTO `image` VALUES (655, 48, 'https://travel.tycg.gov.tw/image/18942/640x480');
INSERT INTO `image` VALUES (656, 48, 'https://travel.tycg.gov.tw/image/18943/640x480');
INSERT INTO `image` VALUES (657, 48, 'https://travel.tycg.gov.tw/image/18945/640x480');
INSERT INTO `image` VALUES (658, 48, 'https://travel.tycg.gov.tw/image/18947/640x480');
INSERT INTO `image` VALUES (659, 48, 'https://travel.tycg.gov.tw/image/18948/640x480');
INSERT INTO `image` VALUES (660, 48, 'https://travel.tycg.gov.tw/image/19747/640x480');
INSERT INTO `image` VALUES (661, 48, 'https://travel.tycg.gov.tw/image/19748/640x480');
INSERT INTO `image` VALUES (662, 48, 'https://travel.tycg.gov.tw/image/19759/640x480');
INSERT INTO `image` VALUES (663, 48, 'https://travel.tycg.gov.tw/image/19760/640x480');
INSERT INTO `image` VALUES (664, 48, 'https://travel.tycg.gov.tw/image/19761/640x480');
INSERT INTO `image` VALUES (665, 48, 'https://travel.tycg.gov.tw/image/19762/640x480');
INSERT INTO `image` VALUES (666, 48, 'https://travel.tycg.gov.tw/image/19765/640x480');
INSERT INTO `image` VALUES (667, 48, 'https://travel.tycg.gov.tw/image/59998/640x480');
INSERT INTO `image` VALUES (668, 48, 'https://travel.tycg.gov.tw/image/59999/640x480');
INSERT INTO `image` VALUES (669, 48, 'https://travel.tycg.gov.tw/image/60000/640x480');
INSERT INTO `image` VALUES (670, 48, 'https://travel.tycg.gov.tw/image/60001/640x480');
INSERT INTO `image` VALUES (671, 48, 'https://travel.tycg.gov.tw/image/60002/640x480');
INSERT INTO `image` VALUES (672, 48, 'https://travel.tycg.gov.tw/image/60003/640x480');
INSERT INTO `image` VALUES (673, 48, 'https://travel.tycg.gov.tw/image/60004/640x480');
INSERT INTO `image` VALUES (674, 48, 'https://travel.tycg.gov.tw/image/60005/640x480');
INSERT INTO `image` VALUES (675, 48, 'https://travel.tycg.gov.tw/image/60006/640x480');
INSERT INTO `image` VALUES (676, 48, 'https://travel.tycg.gov.tw/image/60007/640x480');
INSERT INTO `image` VALUES (677, 48, 'https://travel.tycg.gov.tw/image/60008/640x480');
INSERT INTO `image` VALUES (678, 48, 'https://travel.tycg.gov.tw/image/60009/640x480');
INSERT INTO `image` VALUES (679, 48, 'https://travel.tycg.gov.tw/image/60010/640x480');
INSERT INTO `image` VALUES (680, 49, 'https://travel.tycg.gov.tw/image/3913/640x480');
INSERT INTO `image` VALUES (681, 49, 'https://travel.tycg.gov.tw/image/18512/640x480');
INSERT INTO `image` VALUES (682, 49, 'https://travel.tycg.gov.tw/image/18513/640x480');
INSERT INTO `image` VALUES (683, 49, 'https://travel.tycg.gov.tw/image/18514/640x480');
INSERT INTO `image` VALUES (684, 49, 'https://travel.tycg.gov.tw/image/18516/640x480');
INSERT INTO `image` VALUES (685, 49, 'https://travel.tycg.gov.tw/image/18517/640x480');
INSERT INTO `image` VALUES (686, 49, 'https://travel.tycg.gov.tw/image/18519/640x480');
INSERT INTO `image` VALUES (687, 49, 'https://travel.tycg.gov.tw/image/18522/640x480');
INSERT INTO `image` VALUES (688, 49, 'https://travel.tycg.gov.tw/image/18523/640x480');
INSERT INTO `image` VALUES (689, 49, 'https://travel.tycg.gov.tw/image/18524/640x480');
INSERT INTO `image` VALUES (690, 49, 'https://travel.tycg.gov.tw/image/18525/640x480');
INSERT INTO `image` VALUES (691, 49, 'https://travel.tycg.gov.tw/image/18526/640x480');
INSERT INTO `image` VALUES (692, 49, 'https://travel.tycg.gov.tw/image/18528/640x480');
INSERT INTO `image` VALUES (693, 50, 'https://travel.tycg.gov.tw/image/12943/640x480');
INSERT INTO `image` VALUES (694, 50, 'https://travel.tycg.gov.tw/image/12944/640x480');
INSERT INTO `image` VALUES (695, 50, 'https://travel.tycg.gov.tw/image/18881/640x480');
INSERT INTO `image` VALUES (696, 50, 'https://travel.tycg.gov.tw/image/18885/640x480');
INSERT INTO `image` VALUES (697, 50, 'https://travel.tycg.gov.tw/image/18886/640x480');
INSERT INTO `image` VALUES (698, 50, 'https://travel.tycg.gov.tw/image/18888/640x480');
INSERT INTO `image` VALUES (699, 50, 'https://travel.tycg.gov.tw/image/67982/640x480');
INSERT INTO `image` VALUES (700, 50, 'https://travel.tycg.gov.tw/image/67983/640x480');
INSERT INTO `image` VALUES (701, 50, 'https://travel.tycg.gov.tw/image/67984/640x480');
INSERT INTO `image` VALUES (702, 50, 'https://travel.tycg.gov.tw/image/67985/640x480');
INSERT INTO `image` VALUES (703, 50, 'https://travel.tycg.gov.tw/image/67986/640x480');
INSERT INTO `image` VALUES (704, 50, 'https://travel.tycg.gov.tw/image/67987/640x480');
INSERT INTO `image` VALUES (705, 50, 'https://travel.tycg.gov.tw/image/67988/640x480');
INSERT INTO `image` VALUES (706, 50, 'https://travel.tycg.gov.tw/image/67989/640x480');
INSERT INTO `image` VALUES (707, 50, 'https://travel.tycg.gov.tw/image/67990/640x480');
INSERT INTO `image` VALUES (708, 50, 'https://travel.tycg.gov.tw/image/67991/640x480');
INSERT INTO `image` VALUES (709, 50, 'https://travel.tycg.gov.tw/image/74206/640x480');
INSERT INTO `image` VALUES (710, 50, 'https://travel.tycg.gov.tw/image/83611/640x480');
INSERT INTO `image` VALUES (711, 51, 'https://travel.tycg.gov.tw/image/6650/640x480');
INSERT INTO `image` VALUES (712, 51, 'https://travel.tycg.gov.tw/image/6652/640x480');
INSERT INTO `image` VALUES (713, 51, 'https://travel.tycg.gov.tw/image/6653/640x480');
INSERT INTO `image` VALUES (714, 51, 'https://travel.tycg.gov.tw/image/6654/640x480');
INSERT INTO `image` VALUES (715, 51, 'https://travel.tycg.gov.tw/image/13197/640x480');
INSERT INTO `image` VALUES (716, 51, 'https://travel.tycg.gov.tw/image/13198/640x480');
INSERT INTO `image` VALUES (717, 51, 'https://travel.tycg.gov.tw/image/13201/640x480');
INSERT INTO `image` VALUES (718, 51, 'https://travel.tycg.gov.tw/image/81141/640x480');
INSERT INTO `image` VALUES (719, 51, 'https://travel.tycg.gov.tw/image/90186/640x480');
INSERT INTO `image` VALUES (720, 51, 'https://travel.tycg.gov.tw/image/90209/640x480');
INSERT INTO `image` VALUES (721, 51, 'https://travel.tycg.gov.tw/image/90219/640x480');
INSERT INTO `image` VALUES (722, 51, 'https://travel.tycg.gov.tw/image/90238/640x480');
INSERT INTO `image` VALUES (723, 51, 'https://travel.tycg.gov.tw/image/90260/640x480');
INSERT INTO `image` VALUES (724, 51, 'https://travel.tycg.gov.tw/image/90261/640x480');
INSERT INTO `image` VALUES (725, 51, 'https://travel.tycg.gov.tw/image/90283/640x480');
INSERT INTO `image` VALUES (726, 51, 'https://travel.tycg.gov.tw/image/90305/640x480');
INSERT INTO `image` VALUES (727, 51, 'https://travel.tycg.gov.tw/image/90306/640x480');
INSERT INTO `image` VALUES (728, 51, 'https://travel.tycg.gov.tw/image/90307/640x480');
INSERT INTO `image` VALUES (729, 51, 'https://travel.tycg.gov.tw/image/90308/640x480');
INSERT INTO `image` VALUES (730, 51, 'https://travel.tycg.gov.tw/image/90309/640x480');
INSERT INTO `image` VALUES (731, 51, 'https://travel.tycg.gov.tw/image/90310/640x480');
INSERT INTO `image` VALUES (732, 52, 'https://travel.tycg.gov.tw/image/44266/640x480');
INSERT INTO `image` VALUES (733, 52, 'https://travel.tycg.gov.tw/image/56078/640x480');
INSERT INTO `image` VALUES (734, 52, 'https://travel.tycg.gov.tw/image/56079/640x480');
INSERT INTO `image` VALUES (735, 52, 'https://travel.tycg.gov.tw/image/56080/640x480');
INSERT INTO `image` VALUES (736, 52, 'https://travel.tycg.gov.tw/image/56081/640x480');
INSERT INTO `image` VALUES (737, 52, 'https://travel.tycg.gov.tw/image/63850/640x480');
INSERT INTO `image` VALUES (738, 52, 'https://travel.tycg.gov.tw/image/63851/640x480');
INSERT INTO `image` VALUES (739, 52, 'https://travel.tycg.gov.tw/image/82612/640x480');
INSERT INTO `image` VALUES (740, 52, 'https://travel.tycg.gov.tw/image/82613/640x480');
INSERT INTO `image` VALUES (741, 53, 'https://travel.tycg.gov.tw/image/13101/640x480');
INSERT INTO `image` VALUES (742, 53, 'https://travel.tycg.gov.tw/image/13102/640x480');
INSERT INTO `image` VALUES (743, 53, 'https://travel.tycg.gov.tw/image/13105/640x480');
INSERT INTO `image` VALUES (744, 53, 'https://travel.tycg.gov.tw/image/18816/640x480');
INSERT INTO `image` VALUES (745, 53, 'https://travel.tycg.gov.tw/image/18817/640x480');
INSERT INTO `image` VALUES (746, 53, 'https://travel.tycg.gov.tw/image/18818/640x480');
INSERT INTO `image` VALUES (747, 53, 'https://travel.tycg.gov.tw/image/18819/640x480');
INSERT INTO `image` VALUES (748, 53, 'https://travel.tycg.gov.tw/image/18820/640x480');
INSERT INTO `image` VALUES (749, 53, 'https://travel.tycg.gov.tw/image/18822/640x480');
INSERT INTO `image` VALUES (750, 53, 'https://travel.tycg.gov.tw/image/18823/640x480');
INSERT INTO `image` VALUES (751, 53, 'https://travel.tycg.gov.tw/image/18826/640x480');
INSERT INTO `image` VALUES (752, 53, 'https://travel.tycg.gov.tw/image/18828/640x480');
INSERT INTO `image` VALUES (753, 53, 'https://travel.tycg.gov.tw/image/18832/640x480');
INSERT INTO `image` VALUES (754, 53, 'https://travel.tycg.gov.tw/image/18833/640x480');
INSERT INTO `image` VALUES (755, 53, 'https://travel.tycg.gov.tw/image/77167/640x480');
INSERT INTO `image` VALUES (756, 54, 'https://travel.tycg.gov.tw/image/3903/640x480');
INSERT INTO `image` VALUES (757, 54, 'https://travel.tycg.gov.tw/image/3905/640x480');
INSERT INTO `image` VALUES (758, 54, 'https://travel.tycg.gov.tw/image/6701/640x480');
INSERT INTO `image` VALUES (759, 54, 'https://travel.tycg.gov.tw/image/6702/640x480');
INSERT INTO `image` VALUES (760, 54, 'https://travel.tycg.gov.tw/image/6704/640x480');
INSERT INTO `image` VALUES (761, 54, 'https://travel.tycg.gov.tw/image/6705/640x480');
INSERT INTO `image` VALUES (762, 55, 'https://travel.tycg.gov.tw/image/47894/640x480');
INSERT INTO `image` VALUES (763, 55, 'https://travel.tycg.gov.tw/image/47895/640x480');
INSERT INTO `image` VALUES (764, 55, 'https://travel.tycg.gov.tw/image/47897/640x480');
INSERT INTO `image` VALUES (765, 55, 'https://travel.tycg.gov.tw/image/47898/640x480');
INSERT INTO `image` VALUES (766, 55, 'https://travel.tycg.gov.tw/image/47900/640x480');
INSERT INTO `image` VALUES (767, 55, 'https://travel.tycg.gov.tw/image/47901/640x480');
INSERT INTO `image` VALUES (768, 55, 'https://travel.tycg.gov.tw/image/47902/640x480');
INSERT INTO `image` VALUES (769, 55, 'https://travel.tycg.gov.tw/image/47903/640x480');
INSERT INTO `image` VALUES (770, 55, 'https://travel.tycg.gov.tw/image/47904/640x480');
INSERT INTO `image` VALUES (771, 55, 'https://travel.tycg.gov.tw/image/47907/640x480');
INSERT INTO `image` VALUES (772, 55, 'https://travel.tycg.gov.tw/image/47911/640x480');
INSERT INTO `image` VALUES (773, 56, 'https://travel.tycg.gov.tw/image/10581/640x480');
INSERT INTO `image` VALUES (774, 56, 'https://travel.tycg.gov.tw/image/10582/640x480');
INSERT INTO `image` VALUES (775, 56, 'https://travel.tycg.gov.tw/image/10583/640x480');
INSERT INTO `image` VALUES (776, 56, 'https://travel.tycg.gov.tw/image/10585/640x480');
INSERT INTO `image` VALUES (777, 56, 'https://travel.tycg.gov.tw/image/57820/640x480');
INSERT INTO `image` VALUES (778, 56, 'https://travel.tycg.gov.tw/image/57822/640x480');
INSERT INTO `image` VALUES (779, 56, 'https://travel.tycg.gov.tw/image/57823/640x480');
INSERT INTO `image` VALUES (780, 56, 'https://travel.tycg.gov.tw/image/57824/640x480');
INSERT INTO `image` VALUES (781, 56, 'https://travel.tycg.gov.tw/image/57825/640x480');
INSERT INTO `image` VALUES (782, 57, 'https://travel.tycg.gov.tw/image/47055/640x480');
INSERT INTO `image` VALUES (783, 57, 'https://travel.tycg.gov.tw/image/47056/640x480');
INSERT INTO `image` VALUES (784, 57, 'https://travel.tycg.gov.tw/image/47058/640x480');
INSERT INTO `image` VALUES (785, 57, 'https://travel.tycg.gov.tw/image/47059/640x480');
INSERT INTO `image` VALUES (786, 57, 'https://travel.tycg.gov.tw/image/47062/640x480');
INSERT INTO `image` VALUES (787, 57, 'https://travel.tycg.gov.tw/image/47063/640x480');
INSERT INTO `image` VALUES (788, 57, 'https://travel.tycg.gov.tw/image/47064/640x480');
INSERT INTO `image` VALUES (789, 57, 'https://travel.tycg.gov.tw/image/47065/640x480');
INSERT INTO `image` VALUES (790, 57, 'https://travel.tycg.gov.tw/image/47068/640x480');
INSERT INTO `image` VALUES (791, 57, 'https://travel.tycg.gov.tw/image/47070/640x480');
INSERT INTO `image` VALUES (792, 57, 'https://travel.tycg.gov.tw/image/47071/640x480');
INSERT INTO `image` VALUES (793, 57, 'https://travel.tycg.gov.tw/image/47072/640x480');
INSERT INTO `image` VALUES (794, 57, 'https://travel.tycg.gov.tw/image/47073/640x480');
INSERT INTO `image` VALUES (795, 57, 'https://travel.tycg.gov.tw/image/47074/640x480');
INSERT INTO `image` VALUES (796, 57, 'https://travel.tycg.gov.tw/image/47075/640x480');
INSERT INTO `image` VALUES (797, 57, 'https://travel.tycg.gov.tw/image/47076/640x480');
INSERT INTO `image` VALUES (798, 58, 'https://travel.tycg.gov.tw/image/18736/640x480');
INSERT INTO `image` VALUES (799, 58, 'https://travel.tycg.gov.tw/image/18738/640x480');
INSERT INTO `image` VALUES (800, 58, 'https://travel.tycg.gov.tw/image/18739/640x480');
INSERT INTO `image` VALUES (801, 58, 'https://travel.tycg.gov.tw/image/18740/640x480');
INSERT INTO `image` VALUES (802, 58, 'https://travel.tycg.gov.tw/image/18741/640x480');
INSERT INTO `image` VALUES (803, 58, 'https://travel.tycg.gov.tw/image/18742/640x480');
INSERT INTO `image` VALUES (804, 58, 'https://travel.tycg.gov.tw/image/18744/640x480');
INSERT INTO `image` VALUES (805, 58, 'https://travel.tycg.gov.tw/image/18745/640x480');
INSERT INTO `image` VALUES (806, 58, 'https://travel.tycg.gov.tw/image/18746/640x480');
INSERT INTO `image` VALUES (807, 58, 'https://travel.tycg.gov.tw/image/18748/640x480');
INSERT INTO `image` VALUES (808, 58, 'https://travel.tycg.gov.tw/image/18749/640x480');
INSERT INTO `image` VALUES (809, 58, 'https://travel.tycg.gov.tw/image/18751/640x480');
INSERT INTO `image` VALUES (810, 58, 'https://travel.tycg.gov.tw/image/18755/640x480');
INSERT INTO `image` VALUES (811, 58, 'https://travel.tycg.gov.tw/image/18756/640x480');
INSERT INTO `image` VALUES (812, 58, 'https://travel.tycg.gov.tw/image/18757/640x480');
INSERT INTO `image` VALUES (813, 58, 'https://travel.tycg.gov.tw/image/68064/640x480');
INSERT INTO `image` VALUES (814, 58, 'https://travel.tycg.gov.tw/image/68065/640x480');
INSERT INTO `image` VALUES (815, 58, 'https://travel.tycg.gov.tw/image/68066/640x480');
INSERT INTO `image` VALUES (816, 58, 'https://travel.tycg.gov.tw/image/68067/640x480');
INSERT INTO `image` VALUES (817, 58, 'https://travel.tycg.gov.tw/image/68068/640x480');
INSERT INTO `image` VALUES (818, 58, 'https://travel.tycg.gov.tw/image/68069/640x480');
INSERT INTO `image` VALUES (819, 58, 'https://travel.tycg.gov.tw/image/68070/640x480');
INSERT INTO `image` VALUES (820, 58, 'https://travel.tycg.gov.tw/image/68071/640x480');
INSERT INTO `image` VALUES (821, 59, 'https://travel.tycg.gov.tw/image/18091/640x480');
INSERT INTO `image` VALUES (822, 59, 'https://travel.tycg.gov.tw/image/18092/640x480');
INSERT INTO `image` VALUES (823, 59, 'https://travel.tycg.gov.tw/image/18093/640x480');
INSERT INTO `image` VALUES (824, 59, 'https://travel.tycg.gov.tw/image/18095/640x480');
INSERT INTO `image` VALUES (825, 59, 'https://travel.tycg.gov.tw/image/18096/640x480');
INSERT INTO `image` VALUES (826, 59, 'https://travel.tycg.gov.tw/image/18098/640x480');
INSERT INTO `image` VALUES (827, 59, 'https://travel.tycg.gov.tw/image/18099/640x480');
INSERT INTO `image` VALUES (828, 59, 'https://travel.tycg.gov.tw/image/18101/640x480');
INSERT INTO `image` VALUES (829, 59, 'https://travel.tycg.gov.tw/image/18102/640x480');
INSERT INTO `image` VALUES (830, 59, 'https://travel.tycg.gov.tw/image/18103/640x480');
INSERT INTO `image` VALUES (831, 59, 'https://travel.tycg.gov.tw/image/70869/640x480');
INSERT INTO `image` VALUES (832, 59, 'https://travel.tycg.gov.tw/image/70870/640x480');
INSERT INTO `image` VALUES (833, 60, 'https://travel.tycg.gov.tw/image/99413/640x480');
INSERT INTO `image` VALUES (834, 60, 'https://travel.tycg.gov.tw/image/99743/640x480');
INSERT INTO `image` VALUES (835, 60, 'https://travel.tycg.gov.tw/image/99744/640x480');
INSERT INTO `image` VALUES (836, 60, 'https://travel.tycg.gov.tw/image/99745/640x480');
INSERT INTO `image` VALUES (837, 60, 'https://travel.tycg.gov.tw/image/99746/640x480');
INSERT INTO `image` VALUES (838, 60, 'https://travel.tycg.gov.tw/image/99747/640x480');
INSERT INTO `image` VALUES (839, 60, 'https://travel.tycg.gov.tw/image/99748/640x480');
INSERT INTO `image` VALUES (840, 60, 'https://travel.tycg.gov.tw/image/99749/640x480');
INSERT INTO `image` VALUES (841, 60, 'https://travel.tycg.gov.tw/image/99750/640x480');
INSERT INTO `image` VALUES (842, 60, 'https://travel.tycg.gov.tw/image/99751/640x480');
INSERT INTO `image` VALUES (843, 61, 'https://travel.tycg.gov.tw/image/75211/640x480');
INSERT INTO `image` VALUES (844, 61, 'https://travel.tycg.gov.tw/image/75212/640x480');
INSERT INTO `image` VALUES (845, 61, 'https://travel.tycg.gov.tw/image/75213/640x480');
INSERT INTO `image` VALUES (846, 61, 'https://travel.tycg.gov.tw/image/75214/640x480');
INSERT INTO `image` VALUES (847, 61, 'https://travel.tycg.gov.tw/image/75215/640x480');
INSERT INTO `image` VALUES (848, 61, 'https://travel.tycg.gov.tw/image/75216/640x480');
INSERT INTO `image` VALUES (849, 61, 'https://travel.tycg.gov.tw/image/75217/640x480');
INSERT INTO `image` VALUES (850, 61, 'https://travel.tycg.gov.tw/image/75218/640x480');
INSERT INTO `image` VALUES (851, 61, 'https://travel.tycg.gov.tw/image/75219/640x480');
INSERT INTO `image` VALUES (852, 62, 'https://travel.tycg.gov.tw/image/65538/640x480');
INSERT INTO `image` VALUES (853, 62, 'https://travel.tycg.gov.tw/image/65539/640x480');
INSERT INTO `image` VALUES (854, 62, 'https://travel.tycg.gov.tw/image/65540/640x480');
INSERT INTO `image` VALUES (855, 62, 'https://travel.tycg.gov.tw/image/65708/640x480');
INSERT INTO `image` VALUES (856, 62, 'https://travel.tycg.gov.tw/image/65709/640x480');
INSERT INTO `image` VALUES (857, 62, 'https://travel.tycg.gov.tw/image/65710/640x480');
INSERT INTO `image` VALUES (858, 62, 'https://travel.tycg.gov.tw/image/65711/640x480');
INSERT INTO `image` VALUES (859, 62, 'https://travel.tycg.gov.tw/image/65712/640x480');
INSERT INTO `image` VALUES (860, 63, 'https://travel.tycg.gov.tw/image/4045/640x480');
INSERT INTO `image` VALUES (861, 63, 'https://travel.tycg.gov.tw/image/4048/640x480');
INSERT INTO `image` VALUES (862, 63, 'https://travel.tycg.gov.tw/image/18950/640x480');
INSERT INTO `image` VALUES (863, 63, 'https://travel.tycg.gov.tw/image/18951/640x480');
INSERT INTO `image` VALUES (864, 63, 'https://travel.tycg.gov.tw/image/18952/640x480');
INSERT INTO `image` VALUES (865, 63, 'https://travel.tycg.gov.tw/image/18953/640x480');
INSERT INTO `image` VALUES (866, 63, 'https://travel.tycg.gov.tw/image/18954/640x480');
INSERT INTO `image` VALUES (867, 63, 'https://travel.tycg.gov.tw/image/18955/640x480');
INSERT INTO `image` VALUES (868, 63, 'https://travel.tycg.gov.tw/image/18956/640x480');
INSERT INTO `image` VALUES (869, 63, 'https://travel.tycg.gov.tw/image/18958/640x480');
INSERT INTO `image` VALUES (870, 63, 'https://travel.tycg.gov.tw/image/18959/640x480');
INSERT INTO `image` VALUES (871, 63, 'https://travel.tycg.gov.tw/image/18960/640x480');
INSERT INTO `image` VALUES (872, 63, 'https://travel.tycg.gov.tw/image/18962/640x480');
INSERT INTO `image` VALUES (873, 63, 'https://travel.tycg.gov.tw/image/18963/640x480');
INSERT INTO `image` VALUES (874, 63, 'https://travel.tycg.gov.tw/image/18964/640x480');
INSERT INTO `image` VALUES (875, 63, 'https://travel.tycg.gov.tw/image/18965/640x480');
INSERT INTO `image` VALUES (876, 63, 'https://travel.tycg.gov.tw/image/18966/640x480');
INSERT INTO `image` VALUES (877, 63, 'https://travel.tycg.gov.tw/image/18967/640x480');
INSERT INTO `image` VALUES (878, 63, 'https://travel.tycg.gov.tw/image/18968/640x480');
INSERT INTO `image` VALUES (879, 63, 'https://travel.tycg.gov.tw/image/18969/640x480');
INSERT INTO `image` VALUES (880, 64, 'https://travel.tycg.gov.tw/image/12310/640x480');
INSERT INTO `image` VALUES (881, 64, 'https://travel.tycg.gov.tw/image/13171/640x480');
INSERT INTO `image` VALUES (882, 64, 'https://travel.tycg.gov.tw/image/20424/640x480');
INSERT INTO `image` VALUES (883, 64, 'https://travel.tycg.gov.tw/image/34278/640x480');
INSERT INTO `image` VALUES (884, 64, 'https://travel.tycg.gov.tw/image/89000/640x480');
INSERT INTO `image` VALUES (885, 64, 'https://travel.tycg.gov.tw/image/89001/640x480');
INSERT INTO `image` VALUES (886, 64, 'https://travel.tycg.gov.tw/image/89002/640x480');
INSERT INTO `image` VALUES (887, 64, 'https://travel.tycg.gov.tw/image/89003/640x480');
INSERT INTO `image` VALUES (888, 64, 'https://travel.tycg.gov.tw/image/89004/640x480');
INSERT INTO `image` VALUES (889, 64, 'https://travel.tycg.gov.tw/image/89009/640x480');
INSERT INTO `image` VALUES (890, 64, 'https://travel.tycg.gov.tw/image/89010/640x480');
INSERT INTO `image` VALUES (891, 64, 'https://travel.tycg.gov.tw/image/89011/640x480');
INSERT INTO `image` VALUES (892, 64, 'https://travel.tycg.gov.tw/image/89012/640x480');
INSERT INTO `image` VALUES (893, 64, 'https://travel.tycg.gov.tw/image/89013/640x480');
INSERT INTO `image` VALUES (894, 65, 'https://travel.tycg.gov.tw/image/44252/640x480');
INSERT INTO `image` VALUES (895, 65, 'https://travel.tycg.gov.tw/image/44253/640x480');
INSERT INTO `image` VALUES (896, 65, 'https://travel.tycg.gov.tw/image/44254/640x480');
INSERT INTO `image` VALUES (897, 65, 'https://travel.tycg.gov.tw/image/44255/640x480');
INSERT INTO `image` VALUES (898, 65, 'https://travel.tycg.gov.tw/image/44256/640x480');
INSERT INTO `image` VALUES (899, 65, 'https://travel.tycg.gov.tw/image/44257/640x480');
INSERT INTO `image` VALUES (900, 65, 'https://travel.tycg.gov.tw/image/44258/640x480');
INSERT INTO `image` VALUES (901, 65, 'https://travel.tycg.gov.tw/image/44261/640x480');
INSERT INTO `image` VALUES (902, 65, 'https://travel.tycg.gov.tw/image/44262/640x480');
INSERT INTO `image` VALUES (903, 65, 'https://travel.tycg.gov.tw/image/44263/640x480');
INSERT INTO `image` VALUES (904, 66, 'https://travel.tycg.gov.tw/image/48694/640x480');
INSERT INTO `image` VALUES (905, 66, 'https://travel.tycg.gov.tw/image/48695/640x480');
INSERT INTO `image` VALUES (906, 66, 'https://travel.tycg.gov.tw/image/48697/640x480');
INSERT INTO `image` VALUES (907, 66, 'https://travel.tycg.gov.tw/image/48698/640x480');
INSERT INTO `image` VALUES (908, 66, 'https://travel.tycg.gov.tw/image/48703/640x480');
INSERT INTO `image` VALUES (909, 66, 'https://travel.tycg.gov.tw/image/48704/640x480');
INSERT INTO `image` VALUES (910, 66, 'https://travel.tycg.gov.tw/image/48705/640x480');
INSERT INTO `image` VALUES (911, 66, 'https://travel.tycg.gov.tw/image/48706/640x480');
INSERT INTO `image` VALUES (912, 66, 'https://travel.tycg.gov.tw/image/48707/640x480');
INSERT INTO `image` VALUES (913, 66, 'https://travel.tycg.gov.tw/image/48708/640x480');
INSERT INTO `image` VALUES (914, 66, 'https://travel.tycg.gov.tw/image/48709/640x480');
INSERT INTO `image` VALUES (915, 67, 'https://travel.tycg.gov.tw/image/65541/640x480');
INSERT INTO `image` VALUES (916, 67, 'https://travel.tycg.gov.tw/image/65542/640x480');
INSERT INTO `image` VALUES (917, 67, 'https://travel.tycg.gov.tw/image/65545/640x480');
INSERT INTO `image` VALUES (918, 67, 'https://travel.tycg.gov.tw/image/65547/640x480');
INSERT INTO `image` VALUES (919, 67, 'https://travel.tycg.gov.tw/image/65549/640x480');
INSERT INTO `image` VALUES (920, 67, 'https://travel.tycg.gov.tw/image/65550/640x480');
INSERT INTO `image` VALUES (921, 67, 'https://travel.tycg.gov.tw/image/65603/640x480');
INSERT INTO `image` VALUES (922, 67, 'https://travel.tycg.gov.tw/image/65604/640x480');
INSERT INTO `image` VALUES (923, 68, 'https://travel.tycg.gov.tw/image/8431/640x480');
INSERT INTO `image` VALUES (924, 68, 'https://travel.tycg.gov.tw/image/77161/640x480');
INSERT INTO `image` VALUES (925, 68, 'https://travel.tycg.gov.tw/image/77162/640x480');
INSERT INTO `image` VALUES (926, 68, 'https://travel.tycg.gov.tw/image/77163/640x480');
INSERT INTO `image` VALUES (927, 68, 'https://travel.tycg.gov.tw/image/77164/640x480');
INSERT INTO `image` VALUES (928, 68, 'https://travel.tycg.gov.tw/image/77165/640x480');
INSERT INTO `image` VALUES (929, 69, 'https://travel.tycg.gov.tw/image/13298/640x480');
INSERT INTO `image` VALUES (930, 69, 'https://travel.tycg.gov.tw/image/13299/640x480');
INSERT INTO `image` VALUES (931, 69, 'https://travel.tycg.gov.tw/image/13300/640x480');
INSERT INTO `image` VALUES (932, 70, 'https://travel.tycg.gov.tw/image/8389/640x480');
INSERT INTO `image` VALUES (933, 70, 'https://travel.tycg.gov.tw/image/64540/640x480');
INSERT INTO `image` VALUES (934, 71, 'https://travel.tycg.gov.tw/image/18835/640x480');
INSERT INTO `image` VALUES (935, 71, 'https://travel.tycg.gov.tw/image/18839/640x480');
INSERT INTO `image` VALUES (936, 71, 'https://travel.tycg.gov.tw/image/18842/640x480');
INSERT INTO `image` VALUES (937, 71, 'https://travel.tycg.gov.tw/image/18843/640x480');
INSERT INTO `image` VALUES (938, 71, 'https://travel.tycg.gov.tw/image/18844/640x480');
INSERT INTO `image` VALUES (939, 71, 'https://travel.tycg.gov.tw/image/93510/640x480');
INSERT INTO `image` VALUES (940, 71, 'https://travel.tycg.gov.tw/image/93511/640x480');
INSERT INTO `image` VALUES (941, 71, 'https://travel.tycg.gov.tw/image/93512/640x480');
INSERT INTO `image` VALUES (942, 71, 'https://travel.tycg.gov.tw/image/93513/640x480');
INSERT INTO `image` VALUES (943, 71, 'https://travel.tycg.gov.tw/image/93514/640x480');
INSERT INTO `image` VALUES (944, 72, 'https://travel.tycg.gov.tw/image/6613/640x480');
INSERT INTO `image` VALUES (945, 72, 'https://travel.tycg.gov.tw/image/6614/640x480');
INSERT INTO `image` VALUES (946, 72, 'https://travel.tycg.gov.tw/image/67784/640x480');
INSERT INTO `image` VALUES (947, 72, 'https://travel.tycg.gov.tw/image/67785/640x480');
INSERT INTO `image` VALUES (948, 72, 'https://travel.tycg.gov.tw/image/67786/640x480');
INSERT INTO `image` VALUES (949, 72, 'https://travel.tycg.gov.tw/image/67787/640x480');
INSERT INTO `image` VALUES (950, 72, 'https://travel.tycg.gov.tw/image/67788/640x480');
INSERT INTO `image` VALUES (951, 72, 'https://travel.tycg.gov.tw/image/67789/640x480');
INSERT INTO `image` VALUES (952, 72, 'https://travel.tycg.gov.tw/image/67790/640x480');
INSERT INTO `image` VALUES (953, 72, 'https://travel.tycg.gov.tw/image/67791/640x480');
INSERT INTO `image` VALUES (954, 72, 'https://travel.tycg.gov.tw/image/67792/640x480');
INSERT INTO `image` VALUES (955, 72, 'https://travel.tycg.gov.tw/image/67793/640x480');
INSERT INTO `image` VALUES (956, 73, 'https://travel.tycg.gov.tw/image/21666/640x480');
INSERT INTO `image` VALUES (957, 73, 'https://travel.tycg.gov.tw/image/21667/640x480');
INSERT INTO `image` VALUES (958, 73, 'https://travel.tycg.gov.tw/image/21668/640x480');
INSERT INTO `image` VALUES (959, 73, 'https://travel.tycg.gov.tw/image/78956/640x480');
INSERT INTO `image` VALUES (960, 73, 'https://travel.tycg.gov.tw/image/78957/640x480');
INSERT INTO `image` VALUES (961, 73, 'https://travel.tycg.gov.tw/image/78958/640x480');
INSERT INTO `image` VALUES (962, 73, 'https://travel.tycg.gov.tw/image/78959/640x480');
INSERT INTO `image` VALUES (963, 73, 'https://travel.tycg.gov.tw/image/78966/640x480');
INSERT INTO `image` VALUES (964, 73, 'https://travel.tycg.gov.tw/image/78967/640x480');
INSERT INTO `image` VALUES (965, 74, 'https://travel.tycg.gov.tw/image/10643/640x480');
INSERT INTO `image` VALUES (966, 74, 'https://travel.tycg.gov.tw/image/10644/640x480');
INSERT INTO `image` VALUES (967, 74, 'https://travel.tycg.gov.tw/image/10645/640x480');
INSERT INTO `image` VALUES (968, 74, 'https://travel.tycg.gov.tw/image/10648/640x480');
INSERT INTO `image` VALUES (969, 74, 'https://travel.tycg.gov.tw/image/10649/640x480');
INSERT INTO `image` VALUES (970, 74, 'https://travel.tycg.gov.tw/image/10651/640x480');
INSERT INTO `image` VALUES (971, 74, 'https://travel.tycg.gov.tw/image/10652/640x480');
INSERT INTO `image` VALUES (972, 74, 'https://travel.tycg.gov.tw/image/10653/640x480');
INSERT INTO `image` VALUES (973, 75, 'https://travel.tycg.gov.tw/image/13773/640x480');
INSERT INTO `image` VALUES (974, 75, 'https://travel.tycg.gov.tw/image/13774/640x480');
INSERT INTO `image` VALUES (975, 75, 'https://travel.tycg.gov.tw/image/13775/640x480');
INSERT INTO `image` VALUES (976, 75, 'https://travel.tycg.gov.tw/image/13776/640x480');
INSERT INTO `image` VALUES (977, 75, 'https://travel.tycg.gov.tw/image/13780/640x480');
INSERT INTO `image` VALUES (978, 75, 'https://travel.tycg.gov.tw/image/13781/640x480');
INSERT INTO `image` VALUES (979, 75, 'https://travel.tycg.gov.tw/image/18464/640x480');
INSERT INTO `image` VALUES (980, 75, 'https://travel.tycg.gov.tw/image/18465/640x480');
INSERT INTO `image` VALUES (981, 75, 'https://travel.tycg.gov.tw/image/18466/640x480');
INSERT INTO `image` VALUES (982, 75, 'https://travel.tycg.gov.tw/image/18467/640x480');
INSERT INTO `image` VALUES (983, 75, 'https://travel.tycg.gov.tw/image/18468/640x480');
INSERT INTO `image` VALUES (984, 75, 'https://travel.tycg.gov.tw/image/18469/640x480');
INSERT INTO `image` VALUES (985, 75, 'https://travel.tycg.gov.tw/image/18471/640x480');
INSERT INTO `image` VALUES (986, 75, 'https://travel.tycg.gov.tw/image/18472/640x480');
INSERT INTO `image` VALUES (987, 75, 'https://travel.tycg.gov.tw/image/18473/640x480');
INSERT INTO `image` VALUES (988, 75, 'https://travel.tycg.gov.tw/image/18474/640x480');
INSERT INTO `image` VALUES (989, 75, 'https://travel.tycg.gov.tw/image/18475/640x480');
INSERT INTO `image` VALUES (990, 76, 'https://travel.tycg.gov.tw/image/100411/640x480');
INSERT INTO `image` VALUES (991, 76, 'https://travel.tycg.gov.tw/image/100412/640x480');
INSERT INTO `image` VALUES (992, 76, 'https://travel.tycg.gov.tw/image/100413/640x480');
INSERT INTO `image` VALUES (993, 76, 'https://travel.tycg.gov.tw/image/100415/640x480');
INSERT INTO `image` VALUES (994, 76, 'https://travel.tycg.gov.tw/image/101481/640x480');
INSERT INTO `image` VALUES (995, 76, 'https://travel.tycg.gov.tw/image/101482/640x480');
INSERT INTO `image` VALUES (996, 76, 'https://travel.tycg.gov.tw/image/101483/640x480');
INSERT INTO `image` VALUES (997, 76, 'https://travel.tycg.gov.tw/image/101484/640x480');
INSERT INTO `image` VALUES (998, 76, 'https://travel.tycg.gov.tw/image/101485/640x480');
INSERT INTO `image` VALUES (999, 76, 'https://travel.tycg.gov.tw/image/101486/640x480');
INSERT INTO `image` VALUES (1000, 76, 'https://travel.tycg.gov.tw/image/101487/640x480');
INSERT INTO `image` VALUES (1001, 76, 'https://travel.tycg.gov.tw/image/101488/640x480');
INSERT INTO `image` VALUES (1002, 76, 'https://travel.tycg.gov.tw/image/101489/640x480');
INSERT INTO `image` VALUES (1003, 76, 'https://travel.tycg.gov.tw/image/101490/640x480');
INSERT INTO `image` VALUES (1004, 77, 'https://travel.tycg.gov.tw/image/3861/640x480');
INSERT INTO `image` VALUES (1005, 77, 'https://travel.tycg.gov.tw/image/3862/640x480');
INSERT INTO `image` VALUES (1006, 77, 'https://travel.tycg.gov.tw/image/3864/640x480');
INSERT INTO `image` VALUES (1007, 77, 'https://travel.tycg.gov.tw/image/10141/640x480');
INSERT INTO `image` VALUES (1008, 77, 'https://travel.tycg.gov.tw/image/10142/640x480');
INSERT INTO `image` VALUES (1009, 77, 'https://travel.tycg.gov.tw/image/10143/640x480');
INSERT INTO `image` VALUES (1010, 77, 'https://travel.tycg.gov.tw/image/10144/640x480');
INSERT INTO `image` VALUES (1011, 78, 'https://travel.tycg.gov.tw/image/15423/640x480');
INSERT INTO `image` VALUES (1012, 78, 'https://travel.tycg.gov.tw/image/15424/640x480');
INSERT INTO `image` VALUES (1013, 78, 'https://travel.tycg.gov.tw/image/15425/640x480');
INSERT INTO `image` VALUES (1014, 78, 'https://travel.tycg.gov.tw/image/15426/640x480');
INSERT INTO `image` VALUES (1015, 78, 'https://travel.tycg.gov.tw/image/15427/640x480');
INSERT INTO `image` VALUES (1016, 78, 'https://travel.tycg.gov.tw/image/53992/640x480');
INSERT INTO `image` VALUES (1017, 78, 'https://travel.tycg.gov.tw/image/53993/640x480');
INSERT INTO `image` VALUES (1018, 78, 'https://travel.tycg.gov.tw/image/63586/640x480');
INSERT INTO `image` VALUES (1019, 78, 'https://travel.tycg.gov.tw/image/63587/640x480');
INSERT INTO `image` VALUES (1020, 78, 'https://travel.tycg.gov.tw/image/63588/640x480');
INSERT INTO `image` VALUES (1021, 78, 'https://travel.tycg.gov.tw/image/69439/640x480');
INSERT INTO `image` VALUES (1022, 78, 'https://travel.tycg.gov.tw/image/101740/640x480');
INSERT INTO `image` VALUES (1023, 78, 'https://travel.tycg.gov.tw/image/101741/640x480');
INSERT INTO `image` VALUES (1024, 78, 'https://travel.tycg.gov.tw/image/101742/640x480');
INSERT INTO `image` VALUES (1025, 78, 'https://travel.tycg.gov.tw/image/101743/640x480');
INSERT INTO `image` VALUES (1026, 78, 'https://travel.tycg.gov.tw/image/101744/640x480');
INSERT INTO `image` VALUES (1027, 78, 'https://travel.tycg.gov.tw/image/101745/640x480');
INSERT INTO `image` VALUES (1028, 78, 'https://travel.tycg.gov.tw/image/101746/640x480');
INSERT INTO `image` VALUES (1029, 78, 'https://travel.tycg.gov.tw/image/101747/640x480');
INSERT INTO `image` VALUES (1030, 78, 'https://travel.tycg.gov.tw/image/101748/640x480');
INSERT INTO `image` VALUES (1031, 78, 'https://travel.tycg.gov.tw/image/101749/640x480');
INSERT INTO `image` VALUES (1032, 78, 'https://travel.tycg.gov.tw/image/101750/640x480');
INSERT INTO `image` VALUES (1033, 78, 'https://travel.tycg.gov.tw/image/101751/640x480');
INSERT INTO `image` VALUES (1034, 79, 'https://travel.tycg.gov.tw/image/75518/640x480');
INSERT INTO `image` VALUES (1035, 79, 'https://travel.tycg.gov.tw/image/75519/640x480');
INSERT INTO `image` VALUES (1036, 79, 'https://travel.tycg.gov.tw/image/75520/640x480');
INSERT INTO `image` VALUES (1037, 79, 'https://travel.tycg.gov.tw/image/75521/640x480');
INSERT INTO `image` VALUES (1038, 80, 'https://travel.tycg.gov.tw/image/18657/640x480');
INSERT INTO `image` VALUES (1039, 80, 'https://travel.tycg.gov.tw/image/18658/640x480');
INSERT INTO `image` VALUES (1040, 80, 'https://travel.tycg.gov.tw/image/18659/640x480');
INSERT INTO `image` VALUES (1041, 80, 'https://travel.tycg.gov.tw/image/18661/640x480');
INSERT INTO `image` VALUES (1042, 80, 'https://travel.tycg.gov.tw/image/18662/640x480');
INSERT INTO `image` VALUES (1043, 80, 'https://travel.tycg.gov.tw/image/18663/640x480');
INSERT INTO `image` VALUES (1044, 80, 'https://travel.tycg.gov.tw/image/18669/640x480');
INSERT INTO `image` VALUES (1045, 80, 'https://travel.tycg.gov.tw/image/18670/640x480');
INSERT INTO `image` VALUES (1046, 80, 'https://travel.tycg.gov.tw/image/18671/640x480');
INSERT INTO `image` VALUES (1047, 80, 'https://travel.tycg.gov.tw/image/18672/640x480');
INSERT INTO `image` VALUES (1048, 80, 'https://travel.tycg.gov.tw/image/18673/640x480');
INSERT INTO `image` VALUES (1049, 80, 'https://travel.tycg.gov.tw/image/18674/640x480');
INSERT INTO `image` VALUES (1050, 81, 'https://travel.tycg.gov.tw/image/75183/640x480');
INSERT INTO `image` VALUES (1051, 81, 'https://travel.tycg.gov.tw/image/75184/640x480');
INSERT INTO `image` VALUES (1052, 81, 'https://travel.tycg.gov.tw/image/75185/640x480');
INSERT INTO `image` VALUES (1053, 81, 'https://travel.tycg.gov.tw/image/75186/640x480');
INSERT INTO `image` VALUES (1054, 81, 'https://travel.tycg.gov.tw/image/75187/640x480');
INSERT INTO `image` VALUES (1055, 81, 'https://travel.tycg.gov.tw/image/75188/640x480');
INSERT INTO `image` VALUES (1056, 81, 'https://travel.tycg.gov.tw/image/75189/640x480');
INSERT INTO `image` VALUES (1057, 81, 'https://travel.tycg.gov.tw/image/75190/640x480');
INSERT INTO `image` VALUES (1058, 81, 'https://travel.tycg.gov.tw/image/75191/640x480');
INSERT INTO `image` VALUES (1059, 81, 'https://travel.tycg.gov.tw/image/75192/640x480');
INSERT INTO `image` VALUES (1060, 81, 'https://travel.tycg.gov.tw/image/75193/640x480');
INSERT INTO `image` VALUES (1061, 81, 'https://travel.tycg.gov.tw/image/75196/640x480');
INSERT INTO `image` VALUES (1062, 81, 'https://travel.tycg.gov.tw/image/75197/640x480');

-- ----------------------------
-- Table structure for order
-- ----------------------------
DROP TABLE IF EXISTS `order`;
CREATE TABLE `order`  (
  `id` int NOT NULL AUTO_INCREMENT,
  `userId` int NOT NULL,
  `name` varchar(20) CHARACTER SET utf8 COLLATE utf8_general_ci NOT NULL,
  `email` varchar(100) CHARACTER SET utf8 COLLATE utf8_general_ci NOT NULL,
  `phone` varchar(20) CHARACTER SET utf8 COLLATE utf8_general_ci NOT NULL,
  `totalPrice` int NOT NULL,
  `number` varchar(100) CHARACTER SET utf8 COLLATE utf8_general_ci NOT NULL,
  `orderTime` datetime NOT NULL,
  PRIMARY KEY (`id`) USING BTREE,
  INDEX `fk_user_id`(`userId` ASC) USING BTREE,
  CONSTRAINT `fk_user_id` FOREIGN KEY (`userId`) REFERENCES `user` (`id`) ON DELETE RESTRICT ON UPDATE RESTRICT
) ENGINE = InnoDB AUTO_INCREMENT = 5 CHARACTER SET = utf8 COLLATE = utf8_general_ci ROW_FORMAT = Dynamic;

-- ----------------------------
-- Records of order
-- ----------------------------
INSERT INTO `order` VALUES (1, 1, '王曉明', '123@gmail.com', '0912345678', 4500, '1_20250227183725915', '2025-02-27 00:00:00');
INSERT INTO `order` VALUES (2, 1, '陳小菜', '123@gmail.com', '0912456789', 4000, '1_20250227184031812', '2025-02-27 18:40:32');
INSERT INTO `order` VALUES (3, 2, '張小美', 'test123@gmail.com', '0912345678', 6500, '2_20250303181535468', '2025-03-03 18:15:35');
INSERT INTO `order` VALUES (4, 1, '王曉明', 'tes123@gmail.com', '0912345678', 6500, '1_20250304180839211', '2025-03-04 18:08:39');

-- ----------------------------
-- Table structure for user
-- ----------------------------
DROP TABLE IF EXISTS `user`;
CREATE TABLE `user`  (
  `id` int NOT NULL AUTO_INCREMENT,
  `account` varchar(20) CHARACTER SET utf8 COLLATE utf8_general_ci NOT NULL,
  `email` varchar(100) CHARACTER SET utf8 COLLATE utf8_general_ci NOT NULL,
  `password` varchar(200) CHARACTER SET utf8 COLLATE utf8_general_ci NOT NULL,
  `phone` varchar(20) CHARACTER SET utf8 COLLATE utf8_general_ci NULL DEFAULT NULL,
  `role` varchar(10) CHARACTER SET utf8 COLLATE utf8_general_ci NOT NULL DEFAULT 'user',
  PRIMARY KEY (`id`) USING BTREE,
  UNIQUE INDEX `email`(`email` ASC) USING BTREE
) ENGINE = InnoDB AUTO_INCREMENT = 5 CHARACTER SET = utf8 COLLATE = utf8_general_ci ROW_FORMAT = Dynamic;

-- ----------------------------
-- Records of user
-- ----------------------------
INSERT INTO `user` VALUES (1, 'TestAccount', '123@gmail.com', '$2a$10$HbgQ5PKqrAW8d7uU06jWlePSrJ7dt1ROwQa5WntQAJXq11q2uztuq', NULL, 'user');
INSERT INTO `user` VALUES (2, 'Test123', 'test123@gmail.con', '$2a$10$0sThQw4VdumQfMJyU6S65OfVY/aPZD0hVAUWiWlTgytzq/.wimCDC', NULL, 'user');
INSERT INTO `user` VALUES (4, 'string', 'string', '$2a$10$fDdCtKOI0GZVBUsC6qaJAezFgKDJYgFyh4Yxgj.9GgxdAHgyVjeLe', NULL, 'user');

SET FOREIGN_KEY_CHECKS = 1;
